id,label,target
1,nh,
2,h,p
3,h,p
4,h,r
5,h,r
6,nh,
7,nh,
8,nh,
9,h,p
10,nh,
11,h,r
12,h,e
13,nh,
14,h,p
15,h,p
16,h,p
17,nh,
18,nh,
19,h,r
20,h,p
21,h,"r""
  "
22,nh,
23,h,"e""
  "
24,h,"p""
  "
25,h,"p""
  "
26,h,"e""
  "
27,h,"g""
  "
41,nh,
42,h,p
43,nh,
44,nh,
45,h,p
46,h,e
47,nh,
48,h,e
49,nh,
50,h,p
51,nh,
52,h,p
53,nh,
54,h,p
55,nh,
56,nh,
57,h,p
58,h,p
59,h,e
60,h,r
61,h,
62,nh,
63,nh,
64,nh,
65,nh,
66,h,e
67,h,p
68,h,e
69,nh,
70,nh,
71,nh,
72,nh,
73,h,e
74,nh,
75,nh,
76,nh,
77,h,p
78,nh,
79,h,p
80,h,p
81,h,e
82,h,r
83,nh,
84,h,e
85,nh,
86,nh,
87,nh,
88,h,r
89,h,e
90,h,p
91,nh,
92,nh,
93,nh,
94,h,e
95,nh,
96,nh,
97,h,e
98,h,p
99,nh,
100,nh,
101,nh,
102,nh,
103,h,p
104,nh,
105,nh,
106,h,e
107,h,e
108,h,r
109,h,p
110,h,p
111,h,e
112,h,r
113,nh,
114,nh,
115,nh,
116,h,e
117,h,e
118,h,e
119,nh,
120,nh,
121,h,e
122,h,e
123,nh,
124,nh,
125,nh,
126,h,e
127,h,r
128,h,e
129,nh,
130,nh,
131,nh,
132,h,e
133,h,e
134,nh,
135,nh,
136,h,e
137,nh,
138,nh,
139,h,e
140,nh,
141,nh,
142,h,p
143,nh,
144,nh,
145,h,e
146,nh,
147,nh,
148,nh,
149,h,p
150,h,e
151,nh,
152,nh,
153,h,e
154,nh,
155,nh,
156,nh,
157,h,r
158,nh,
159,h,e
160,h,p
161,h,"e""
  "
162,h,"p""
  "
163,nh,
164,h,"g""
  "
181,h,e
182,nh,
183,h,p
184,h,p
185,nh,
186,h,p
187,nh,
188,h,r
189,nh,
190,h,p
191,h,p
192,nh,
193,h,e
194,nh,
195,nh,
196,h,r
197,nh,
198,nh,
199,h,p
200,nh,
201,h,e
202,h,e
203,nh,
204,nh,
205,nh,
206,h,e
207,nh,
208,nh,
209,nh,
210,nh,
211,nh,
212,nh,
213,h,e
214,h,p
215,nh,
216,nh,
217,h,e
218,nh,
219,h,e
220,nh,
221,nh,
222,nh,
223,nh,
224,h,e
225,nh,
226,h,e
227,h,e
228,h,p
229,h,p
230,nh,
231,h,e
232,nh,
233,h,p
234,nh,
235,h,p
236,h,r
237,h,e
238,nh,
239,nh,
240,nh,
241,h,e
242,nh,
243,h,p
244,h,
245,nh,
246,nh,
247,nh,
248,h,
249,nh,
250,h,
251,nh,
252,h,p
253,nh,
254,h,e
255,nh,
256,h,e
257,nh,
258,nh,
259,nh,
260,nh,
261,h,e
262,nh,
263,h,p
264,nh,
265,nh,
266,h,e
267,h,e
268,h,e
269,nh,
270,nh,
271,h,e
272,h,r
273,nh,
274,nh,
275,nh,
276,nh,
277,nh,
278,h,e
279,h,e
280,nh,
281,nh,
282,h,r
283,h,e
284,nh,
285,h,p
286,h,e
287,nh,
288,h,r
289,nh,
290,nh,
291,h,
292,nh,
293,h,
294,nh,
295,nh,
296,nh,
297,h,e
298,nh,
299,h,e
300,h,
301,nh,
302,nh,
303,nh,
304,h,e
305,h,e
306,nh,
307,h,p
308,h,p
309,nh,
310,nh,
311,h,r
312,h,p
313,nh,
314,h,p
315,h,e
316,h,r
317,nh,
318,nh,
319,nh,
320,h,e
321,nh,
322,h,p
323,nh,
324,nh,
325,h,e
326,nh,
327,nh,
328,h,r
329,h,r
330,h,p
331,h,e
332,nh,
333,nh,
334,h,r
335,h,e
336,h,r
337,h,p
338,h,p
339,nh,
340,nh,
341,nh,
342,h,p
343,nh,
344,h,r
345,h,r
346,nh,
347,nh,
348,h,r
349,nh,
350,h,r
351,h,e
352,h,r
353,h,e
354,nh,
355,nh,
356,nh,
357,nh,
358,nh,
359,nh,
360,nh,
361,nh,
362,h,e
363,nh,
364,nh,
365,nh,
366,nh,
367,nh,
368,nh,
369,nh,
370,nh,
371,nh,
372,h,e
373,nh,
374,nh,
375,h,p
376,nh,
377,nh,
378,nh,
379,nh,
380,nh,
381,nh,
382,nh,
383,nh,
384,nh,
385,nh,
386,h,p
387,h,e
388,nh,
389,h,r
390,h,r
391,nh,
392,nh,
393,nh,
394,nh,
395,h,e
396,nh,
397,h,e
398,h,e
399,h,e
400,nh,
401,nh,
402,h,e
403,nh,
404,nh,
405,nh,
406,h,r
407,nh,
408,nh,
409,nh,
410,h,e
411,h,e
412,h,r
413,nh,
414,h,e
415,nh,
416,h,e
417,nh,
418,nh,
419,h,e
420,h,g
421,h,p
422,h,p
423,nh,
424,nh,
425,h,p
426,h,
427,h,p
428,h,p
429,nh,
430,h,e
431,h,p
432,h,r
433,h,r
434,h,e
435,nh,
436,h,e
437,nh,
438,nh,
439,h,e
440,h,r
441,nh,
442,nh,
443,nh,
444,h,e
445,h,e
446,nh,
447,h,r
448,nh,
449,nh,
450,nh,
451,nh,
452,nh,
453,h,e
454,nh,
455,nh,
456,nh,
457,nh,
458,nh,
459,nh,
460,nh,
461,nh,
462,h,r
463,h,p
464,nh,
465,nh,
466,nh,
467,h,p
468,nh,
469,h,e
470,nh,
471,h,p
472,nh,
473,h,e
474,h,e
475,nh,
476,h,p
477,nh,
478,h,e
479,nh,
480,h,e
481,nh,
482,nh,
483,nh,
484,h,r
485,h,r
486,nh,
487,nh,
488,nh,
489,nh,
490,h,e
491,h,p
492,h,e
493,nh,
494,h,r
495,nh,
496,nh,
497,nh,
498,nh,
499,nh,
500,h,p
501,nh,
502,h,p
503,h,e
504,h,p
505,nh,
506,h,p
507,h,e
508,nh,
509,h,r
510,nh,
511,h,e
512,nh,
513,h,e
514,h,e
515,nh,
516,nh,
517,h,p
518,h,p
519,nh,
520,h,e
521,h,p
522,nh,
523,h,e
524,nh,
525,h,e
526,h,p
527,nh,
528,h,e
529,nh,
530,h,r
531,nh,
532,nh,
533,nh,
534,h,e
535,h,e
536,nh,
537,h,p
538,nh,
539,nh,
540,h,r
541,nh,
542,h,r
543,nh,
544,nh,
545,h,r
546,nh,
547,nh,
548,h,r
549,h,p
550,h,
551,h,r
552,h,r
553,nh,
554,nh,
555,nh,
556,nh,
557,h,e
558,h,e
559,h,p
560,nh,
561,h,e
562,nh,
563,nh,
564,h,p
565,h,e
566,nh,
567,nh,
568,h,e
569,nh,
570,nh,
571,h,r
572,h,p
573,nh,
574,h,p
575,nh,
576,nh,
577,h,p
578,nh,
579,nh,
580,nh,
581,nh,
582,nh,
583,nh,
584,h,p
585,nh,
586,nh,
587,nh,
588,nh,
589,nh,
590,h,r
591,nh,
592,nh,
593,nh,
594,nh,
595,nh,
596,nh,
597,nh,
598,h,p
599,nh,
600,nh,
601,nh,
602,h,p
603,nh,
604,h,p
605,h,p
606,h,e
607,nh,
608,h,e
609,h,e
610,h,r
611,nh,
612,h,p
613,h,p
614,h,p
615,nh,
616,nh,
617,h,r
618,h,e
619,h,e
620,h,r
621,nh,
622,h,e
623,h,p
624,h,e
625,h,r
626,nh,
627,h,e
628,nh,
629,h,p
630,h,e
631,nh,
632,nh,
633,h,e
634,h,p
635,h,r
636,h,e
637,nh,
638,h,r
639,h,e
640,h,r
641,nh,
642,nh,
643,nh,
644,nh,
645,nh,
646,nh,
647,h,p
648,h,e
649,nh,
650,h,e
651,nh,
652,nh,
653,h,e
654,h,r
655,nh,
656,nh,
657,h,p
658,nh,
659,h,p
660,h,r
661,h,e
662,nh,
663,h,p
664,h,r
665,nh,
666,h,e
667,nh,
668,nh,
669,h,e
670,nh,
671,nh,
672,h,e
673,h,p
674,nh,
675,nh,
676,nh,
677,nh,
678,nh,
679,h,e
680,nh,
681,nh,
682,h,p
683,h,p
684,h,e
685,h,p
686,h,e
687,nh,
688,h,e
689,nh,
690,h,p
691,nh,
692,nh,
693,h,e
694,h,e
695,h,p
696,h,p
697,h,e
698,h,p
699,h,e
700,nh,
701,nh,
702,nh,
703,h,r
704,nh,
705,h,e
706,h,e
707,h,r
708,h,
709,nh,
710,nh,
711,nh,
712,h,
713,nh,
714,nh,
715,nh,
716,nh,
717,nh,
718,h,p
719,nh,
720,h,p
721,h,e
722,h,e
723,nh,
724,nh,
725,h,e
726,h,p
727,nh,
728,nh,
729,nh,
730,nh,
731,h,p
732,nh,
733,nh,
734,nh,
735,h,e
736,h,e
737,h,p
738,nh,
739,nh,
740,nh,
741,nh,
742,nh,
743,h,e
744,nh,
745,h,p
746,nh,
747,nh,
748,h,e
749,nh,
750,nh,
751,h,r
752,nh,
753,nh,
754,h,e
755,nh,
756,h,e
757,h,p
758,nh,
759,h,p
760,nh,
761,nh,
762,nh,
763,nh,
764,nh,
765,h,e
766,nh,
767,nh,
768,nh,
769,h,p
770,nh,
771,nh,
772,nh,
773,nh,
774,nh,
775,h,p
776,nh,
777,h,e
778,nh,
779,h,e
780,nh,
781,nh,
782,h,e
783,nh,
784,nh,
785,h,p
786,nh,
787,h,p
788,nh,
789,h,p
790,h,e
791,h,e
792,nh,
793,nh,
794,h,e
795,nh,
796,h,e
797,h,r
798,nh,
799,h,r
800,h,p
801,h,e
802,nh,
803,h,p
804,nh,
805,h,e
806,nh,
807,h,e
808,h,p
809,nh,
810,h,e
811,h,e
812,nh,
813,h,g
814,nh,
815,h,p
816,nh,
817,nh,
818,nh,
819,nh,
820,nh,
821,nh,
822,h,p
823,nh,
824,h,r
825,h,r
826,nh,
827,nh,
828,nh,
829,nh,
830,nh,
831,h,p
832,h,e
833,nh,
834,h,p
835,nh,
836,h,p
837,nh,
838,nh,
839,nh,
840,h,p
841,nh,
842,nh,
843,nh,
844,h,p
845,h,e
846,nh,
847,nh,
848,h,p
849,h,r
850,nh,
851,nh,
852,h,r
853,h,e
854,nh,
855,nh,
856,h,p
857,nh,
858,h,p
859,h,r
860,nh,
861,nh,
862,nh,
863,nh,
864,nh,
865,nh,
866,h,p
867,nh,
868,nh,
869,h,e
870,h,e
871,nh,
872,h,p
873,h,e
874,nh,
875,h,e
876,h,e
877,nh,
878,nh,
879,h,e
880,nh,
881,nh,
882,nh,
883,h,e
884,nh,
885,h,p
886,h,p
887,nh,
888,h,r
889,h,r
890,nh,
891,nh,
892,nh,
893,h,e
894,nh,
895,h,p
896,h,e
897,nh,
898,h,p
899,nh,
900,h,p
901,nh,
902,nh,
903,h,e
904,h,p
905,h,e
906,nh,
907,nh,
908,h,e
909,h,e
910,nh,
911,h,p
912,h,r
913,h,p
914,nh,
915,h,p
916,nh,
917,h,e
918,h,r
919,nh,
920,nh,
921,h,r
922,nh,
923,nh,
924,h,p
925,h,p
926,nh,
927,nh,
928,nh,
929,h,e
930,h,e
931,nh,
932,nh,
933,h,e
934,nh,
935,h,p
936,h,p
937,nh,
938,nh,
939,nh,
940,nh,
941,nh,
942,h,e
943,h,e
944,nh,
945,nh,
946,nh,
947,h,e
948,nh,
949,nh,
950,h,p
951,h,p
952,nh,
953,h,p
954,nh,
955,nh,
956,h,p
957,nh,
958,h,e
959,nh,
960,h,e
961,nh,
962,nh,
963,nh,
964,h,e
965,h,e
966,nh,
967,nh,
968,nh,
969,h,r
970,nh,
971,nh,
972,h,e
973,nh,
974,nh,
975,nh,
976,nh,
977,nh,
978,nh,
979,h,r
980,h,p
981,nh,
982,nh,
983,nh,
984,nh,
985,nh,
986,h,p
987,h,p
988,h,r
989,h,e
990,h,r
991,h,e
992,nh,
993,h,e
994,h,r
995,h,e
996,nh,
997,h,p
998,nh,
999,h,p
1000,h,e
1001,nh,
1002,nh,
1003,h,r
1004,nh,
1005,h,p
1006,nh,
1007,nh,
1008,h,e
1009,nh,
1010,nh,
1011,nh,
1012,h,r
1013,h,p
1014,nh,
1015,nh,
1016,nh,
1017,nh,
1018,h,e
1019,h,p
1020,h,e
1021,h,p
1022,h,p
1023,nh,
1024,h,e
1025,h,p
1026,nh,
1027,nh,
1028,h,p
1029,nh,
1030,h,e
1031,h,r
1032,nh,
1033,h,p
1034,h,r
1035,nh,
1036,h,p
1037,nh,
1038,h,e
1039,nh,
1040,h,e
1041,nh,
1042,h,
1043,nh,
1044,nh,
1045,nh,
1046,h,
1047,nh,
1048,h,p
1049,nh,
1050,nh,
1051,nh,
1052,h,r
1053,nh,
1054,nh,
1055,h,e
1056,h,e
1057,nh,
1058,nh,
1059,nh,
1060,nh,
1061,nh,
1062,nh,
1063,nh,
1064,nh,
1065,h,p
1066,nh,
1067,h,r
1068,h,p
1069,h,p
1070,h,r
1071,h,e
1072,nh,
1073,nh,
1074,h,p
1075,h,p
1076,h,p
1077,h,p
1078,nh,
1079,h,p
1080,nh,
1081,nh,
1082,nh,
1083,h,p
1084,nh,
1085,nh,
1086,h,e
1087,nh,
1088,h,p
1089,nh,
1090,nh,
1091,nh,
1092,h,r
1093,h,r
1094,nh,
1095,nh,
1096,h,p
1097,nh,
1098,nh,
1099,h,e
1100,nh,
1101,h,e
1102,h,p
1103,h,e
1104,nh,
1105,nh,
1106,h,e
1107,nh,
1108,nh,
1109,h,r
1110,h,p
1111,nh,
1112,h,r
1113,nh,
1114,nh,
1115,nh,
1116,nh,
1117,nh,
1118,h,r
1119,h,e
1120,nh,
1121,nh,
1122,nh,
1123,nh,
1124,nh,
1125,h,r
1126,nh,
1127,h,r
1128,nh,
1129,nh,
1130,nh,
1131,nh,
1132,nh,
1133,nh,
1134,nh,
1135,nh,
1136,nh,
1137,h,e
1138,h,e
1139,h,p
1140,nh,
1141,nh,
1142,h,gender
1143,nh,
1144,nh,
1145,h,ethnicity
1146,nh,
1147,h,gender
1148,h,politics
1149,nh,
1150,nh,
1151,nh,
1152,h,ethnicity
1153,nh,
1154,nh,
1155,nh,
1156,h,politics
1157,nh,
1158,nh,
1159,nh,
1160,h,ethnicity
1161,nh,
1162,h,r
1163,h,p
1164,h,e
1165,nh,
1166,nh,
1167,h,p
1168,h,p
1169,nh,
1170,h,r
1171,h,r
1172,nh,
1173,h,r
1174,h,e
1175,h,e
1176,h,p
1177,h,p
1178,nh,
1179,nh,
1180,h,r
1181,h,e
1182,h,p
1183,nh,
1184,h,e
1185,nh,
1186,nh,
1187,nh,
1188,h,r
1189,nh,
1190,h,e
1191,h,e
1192,h,p
1193,nh,
1194,nh,
1195,h,e
1196,nh,
1197,nh,
1198,h,r
1199,h,e
1200,nh,
1201,nh,
1202,h,p
1203,nh,
1204,nh,
1205,h,p
1206,h,e
1207,nh,
1208,h,e
1209,h,r
1210,h,p
1211,nh,
1212,nh,
1213,nh,
1214,h,r
1215,nh,
1216,nh,
1217,nh,
1218,h,p
1219,nh,
1220,h,r
1221,h,r
1222,h,e
1223,nh,
1224,h,e
1225,nh,
1226,h,p
1227,h,p
1228,nh,
1229,nh,
1230,h,p
1231,h,r
1232,nh,
1233,h,p
1234,h,p
1235,nh,
1236,h,e
1237,nh,
1238,h,e
1239,nh,
1240,h,r
1241,nh,
1242,nh,
1243,nh,
1244,nh,
1245,nh,
1246,h,p
1247,nh,
1248,nh,
1249,nh,
1250,h,p
1251,nh,
1252,nh,
1253,h,e
1254,nh,
1255,nh,
1256,nh,
1257,nh,
1258,h,p
1259,h,r
1260,nh,
1261,nh,
1262,h,e
1263,h,e
1264,nh,
1265,nh,
1266,h,e
1267,h,p
1268,nh,
1269,nh,
1270,nh,
1271,h,p
1272,nh,
1273,nh,
1274,nh,
1275,nh,
1276,h,p
1277,nh,
1278,nh,
1279,h,p
1280,nh,
1281,nh,
1282,nh,
1283,h,
1284,nh,
1285,h,r
1286,nh,
1287,h,e
1288,nh,
1289,nh,
1290,nh,
1291,h,
1292,h,
1293,h,p
1294,nh,
1295,nh,
1296,nh,
1297,h,e
1298,nh,
1299,nh,
1300,h,e
1301,nh,
1302,h,r
1303,nh,
1304,h,p
1305,nh,
1306,h,e
1307,h,e
1308,h,p
1309,h,e
1310,nh,
1311,nh,
1312,nh,
1313,nh,
1314,h,e
1315,h,r
1316,h,e
1317,h,r
1318,nh,
1319,h,p
1320,h,p
1321,h,e
1322,h,p
1323,h,e
1324,h,e
1325,h,p
1326,nh,
1327,h,r
1328,nh,
1329,nh,
1330,h,e
1331,h,p
1332,h,e
1333,h,p
1334,h,r
1335,h,p
1336,nh,
1337,nh,
1338,h,r
1339,h,p
1340,nh,
1341,h,
1342,nh,
1343,h,
1344,nh,
1345,nh,
1346,nh,
1347,nh,
1348,nh,
1349,h,e
1350,nh,
1351,h,e
1352,nh,
1353,nh,
1354,nh,
1355,nh,
1356,nh,
1357,nh,
1358,nh,
1359,nh,
1360,h,
1361,nh,
1362,h,e
1363,nh,
1364,nh,
1365,h,e
1366,h,p
1367,nh,
1368,nh,
1369,h,p
1370,nh,
1371,nh,
1372,h,e
1373,h,p
1374,h,e
1375,h,e
1376,nh,
1377,nh,
1378,nh,
1379,nh,
1380,h,e
1381,nh,
1382,h,r
1383,nh,
1384,h,e
1385,nh,
1386,h,e
1387,h,r
1388,h,e
1389,nh,
1390,h,p
1391,h,p
1392,h,e
1393,nh,
1394,nh,
1395,nh,
1396,h,r
1397,nh,
1398,h,e
1399,nh,
1400,h,p
1401,nh,
1402,nh,
1403,nh,
1404,nh,
1405,nh,
1406,nh,
1407,nh,
1408,nh,
1409,nh,
1410,nh,
1411,nh,
1412,nh,
1413,nh,
1414,nh,
1415,nh,
1416,nh,
1417,nh,
1418,h,p
1419,nh,
1420,h,p
1421,h,e
1422,nh,
1423,h,e
1424,h,r
1425,nh,
1426,h,r
1427,h,e
1428,h,p
1429,nh,
1430,nh,
1431,h,p
1432,h,e
1433,nh,
1434,h,e
1435,h,p
1436,nh,
1437,nh,
1438,nh,
1439,h,p
1440,h,p
1441,nh,
1442,h,e
1443,h,p
1444,h,e
1445,h,r
1446,nh,
1447,h,r
1448,nh,
1449,h,p
1450,nh,
1451,h,e
1452,nh,
1453,nh,
1454,h,p
1455,nh,
1456,h,p
1457,nh,
1458,nh,
1459,h,p
1460,nh,
1461,nh,
1462,h,p
1463,nh,
1464,nh,
1465,nh,
1466,h,p
1467,h,e
1468,h,p
1469,nh,
1470,h,r
1471,h,p
1472,nh,
1473,h,r
1474,nh,
1475,nh,
1476,h,e
1477,nh,
1478,nh,
1479,h,e
1480,h,p
1481,h,p
1482,h,p
1483,h,e
1484,nh,
1485,h,p
1486,h,p
1487,nh,
1488,h,p
1489,nh,
1490,h,p
1491,h,p
1492,nh,
1493,h,p
1494,nh,
1495,nh,
1496,h,p
1497,nh,
1498,h,p
1499,h,e
1500,nh,
1501,nh,
1502,h,e
1503,h,e
1504,nh,
1505,nh,
1506,nh,
1507,h,e
1508,h,e
1509,h,e
1510,nh,
1511,nh,
1512,h,p
1513,h,e
1514,nh,
1515,nh,
1516,h,p
1517,nh,
1518,nh,
1519,nh,
1520,h,e
1521,nh,
1522,h,p
1523,nh,
1524,nh,
1525,nh,
1526,h,p
1527,nh,
1528,nh,
1529,h,p
1530,h,r
1531,h,e
1532,nh,
1533,nh,
1534,h,e
1535,nh,
1536,h,p
1537,nh,
1538,h,r
1539,h,p
1540,nh,
1541,h,p
1542,nh,
1543,nh,
1544,h,p
1545,h,p
1546,h,p
1547,h,e
1548,h,e
1549,nh,
1550,nh,
1551,h,e
1552,h,e
1553,nh,
1554,nh,
1555,h,p
1556,nh,
1557,nh,
1558,h,p
1559,h,p
1560,nh,
1561,nh,
1562,nh,
1563,h,e
1564,nh,
1565,h,r
1566,h,p
1567,nh,
1568,h,e
1569,h,p
1570,nh,
1571,h,p
1572,nh,
1573,nh,
1574,h,e
1575,h,p
1576,nh,
1577,nh,
1578,h,e
1579,nh,
1580,h,p
1581,nh,
1582,h,politics
1583,h,ethnicity
1584,h,ethnicity
1585,nh,
1586,nh,
1587,nh,
1588,nh,
1589,nh,
1590,nh,
1591,nh,
1592,nh,
1593,h,religion
1594,nh,
1595,nh,
1596,h,politics
1597,nh,
1598,h,ethnicity
1599,h,ethnicity
1600,h,ethnicity
1601,nh,
1602,h,r
1603,nh,
1604,h,e
1605,nh,
1606,nh,
1607,h,r
1608,nh,
1609,nh,
1610,h,r
1611,h,p
1612,h,e
1613,h,p
1614,nh,
1615,h,e
1616,nh,
1617,nh,
1618,h,e
1619,nh,
1620,h,p
1621,h,r
1622,nh,
1623,nh,
1624,nh,
1625,h,r
1626,h,r
1627,h,e
1628,h,p
1629,h,r
1630,nh,
1631,nh,
1632,nh,
1633,nh,
1634,h,p
1635,nh,
1636,h,e
1637,h,e
1638,h,e
1639,h,r
1640,nh,
1641,nh,
1642,nh,
1643,h,e
1644,h,p
1645,nh,
1646,h,p
1647,nh,
1648,nh,
1649,h,e
1650,nh,
1651,nh,
1652,h,r
1653,h,e
1654,nh,
1655,h,e
1656,nh,
1657,h,p
1658,h,e
1659,h,e
1660,nh,
1661,h,r
1662,nh,
1663,nh,
1664,h,e
1665,nh,
1666,nh,
1667,nh,
1668,h,p
1669,h,r
1670,h,e
1671,h,p
1672,nh,
1673,nh,
1674,nh,
1675,h,e
1676,nh,
1677,nh,
1678,nh,
1679,h,p
1680,nh,
1681,nh,
1682,nh,
1683,nh,
1684,nh,
1685,nh,
1686,nh,
1687,h,e
1688,nh,
1689,nh,
1690,nh,
1691,nh,
1692,nh,
1693,nh,
1694,nh,
1695,h,e
1696,nh,
1697,nh,
1698,nh,
1699,nh,
1700,nh,
1701,nh,
1702,nh,
1703,nh,
1704,nh,
1705,nh,
1706,h,e
1707,h,p
1708,nh,
1709,nh,
1710,nh,
1711,nh,
1712,nh,
1713,h,p
1714,nh,
1715,h,r
1716,nh,
1717,nh,
1718,nh,
1719,nh,
1720,h,e
1721,h,e
1722,h,e
1723,nh,
1724,h,p
1725,h,e
1726,h,p
1727,h,p
1728,h,p
1729,h,e
1730,nh,
1731,h,p
1732,nh,
1733,h,e
1734,h,p
1735,h,p
1736,h,r
1737,h,p
1738,nh,
1739,h,p
1740,h,r
1741,nh,
1742,nh,
1743,h,e
1744,nh,
1745,nh,
1746,h,e
1747,nh,
1748,h,e
1749,nh,
1750,nh,
1751,h,e
1752,nh,
1753,nh,
1754,h,r
1755,nh,
1756,nh,
1757,h,e
1758,nh,
1759,nh,
1760,h,e
1761,nh,
1762,h,e
1763,nh,
1764,nh,
1765,nh,
1766,nh,
1767,nh,
1768,h,p
1769,h,e
1770,h,e
1771,h,p
1772,h,p
1773,h,e
1774,nh,
1775,h,e
1776,h,r
1777,nh,
1778,nh,
1779,nh,
1780,h,p
1781,h,r
1782,nh,
1783,h,e
1784,nh,
1785,nh,
1786,nh,
1787,nh,
1788,h,p
1789,nh,
1790,nh,
1791,nh,
1792,nh,
1793,nh,
1794,h,p
1795,nh,
1796,nh,
1797,nh,
1798,nh,
1799,nh,
1800,nh,
1801,h,e
1802,h,p
1803,nh,
1804,h,e
1805,nh,
1806,nh,
1807,nh,
1808,nh,
1809,nh,
1810,h,e
1811,h,e
1812,h,p
1813,h,e
1814,h,e
1815,h,p
1816,h,p
1817,h,p
1818,nh,
1819,h,p
1820,nh,
1821,nh,
1822,h,e
1823,h,e
1824,h,p
1825,h,
1826,nh,
1827,nh,
1828,h,p
1829,h,p
1830,h,p
1831,h,p
1832,h,
1833,h,e
1834,nh,
1835,nh,
1836,nh,
1837,nh,
1838,h,p
1839,nh,
1840,h,
1841,h,r
1842,nh,
1843,nh,
1844,nh,
1845,nh,
1846,nh,
1847,nh,
1848,h,r
1849,nh,
1850,nh,
1851,nh,
1852,nh,
1853,nh,
1854,h,p
1855,h,e
1856,h,r
1857,h,e
1858,nh,
1859,nh,
1860,nh,
1861,h,p
1862,h,p
1863,nh,
1864,nh,
1865,h,e
1866,h,p
1867,h,r
1868,nh,
1869,h,r
1870,h,r
1871,nh,
1872,h,e
1873,h,e
1874,nh,
1875,nh,
1876,nh,
1877,h,e
1878,h,e
1879,nh,
1880,nh,
1881,nh,
1882,nh,
1883,h,ethnicity
1884,h,religion
1885,h,politics
1886,h,ethnicity
1887,nh,
1888,h,ethnicity
1889,h,religion
1890,nh,
1891,h,ethnicity
1892,h,religion
1893,nh,
1894,h,politics
1895,nh,
1896,h,religion
1897,h,politics
1898,h,religion
1899,h,ethnicity
1900,h,politics
1901,nh,
1902,h,e
1903,h,p
1904,nh,
1905,nh,
1906,h,e
1907,nh,
1908,nh,
1909,nh,
1910,nh,
1911,nh,
1912,h,p
1913,h,e
1914,nh,
1915,nh,
1916,h,e
1917,nh,
1918,nh,
1919,h,r
1920,nh,
1921,nh,
1922,nh,
1923,nh,
1924,nh,
1925,nh,
1926,nh,
1927,nh,
1928,nh,
1929,h,e
1930,h,p
1931,h,p
1932,nh,
1933,nh,
1934,h,e
1935,h,e
1936,h,p
1937,nh,
1938,nh,
1939,h,e
1940,nh,
1941,h,e
1942,nh,
1943,h,p
1944,nh,
1945,nh,
1946,h,p
1947,h,e
1948,nh,
1949,nh,
1950,nh,
1951,h,p
1952,nh,
1953,h,p
1954,nh,
1955,h,p
1956,nh,
1957,h,r
1958,nh,
1959,h,e
1960,h,e
1961,nh,
1962,nh,
1963,h,e
1964,nh,
1965,nh,
1966,h,e
1967,h,e
1968,nh,
1969,nh,
1970,h,p
1971,nh,
1972,nh,
1973,h,r
1974,nh,
1975,nh,
1976,nh,
1977,nh,
1978,nh,
1979,h,p
1980,nh,
1981,nh,
1982,h,r
1983,h,e
1984,nh,
1985,h,r
1986,nh,
1987,h,e
1988,nh,
1989,h,e
1990,nh,
1991,nh,
1992,h,e
1993,nh,
1994,h,e
1995,h,p
1996,nh,
1997,h,e
1998,nh,
1999,h,p
2000,nh,
2001,h,e
2002,nh,
2003,nh,
2004,h,e
2005,nh,
2006,h,p
2007,nh,
2008,h,p
2009,nh,
2010,nh,
2011,h,p
2012,h,p
2013,nh,
2014,h,r
2015,nh,
2016,h,r
2017,nh,
2018,nh,
2019,nh,
2020,nh,
2021,nh,
2022,h,r
2023,h,r
2024,h,e
2025,h,p
2026,h,e
2027,nh,
2028,nh,
2029,nh,
2030,nh,
2031,h,e
2032,nh,
2033,h,e
2034,nh,
2035,h,r
2036,nh,
2037,nh,
2038,h,e
2039,nh,
2040,h,r
2041,nh,
2042,h,p
2043,nh,
2044,h,p
2045,nh,
2046,h,p
2047,h,p
2048,nh,
2049,h,r
2050,h,p
2051,nh,
2052,nh,
2053,h,e
2054,nh,
2055,h,p
2056,nh,
2057,h,r
2058,nh,
2059,nh,
2060,nh,
2061,h,e
2062,nh,
2063,nh,
2064,nh,
2065,nh,
2066,h,e
2067,nh,
2068,h,p
2069,nh,
2070,nh,
2071,nh,
2072,h,p
2073,h,r
2074,nh,
2075,nh,
2076,nh,
2077,nh,
2078,h,r
2079,nh,
2080,nh,
2081,h,p
2082,nh,
2083,nh,
2084,h,p
2085,h,p
2086,h,e
2087,nh,
2088,h,r
2089,nh,
2090,h,r
2091,h,r
2092,nh,
2093,h,e
2094,nh,
2095,h,e
2096,h,p
2097,nh,
2098,h,e
2099,h,e
2100,nh,
2101,h,p
2102,nh,
2103,nh,
2104,nh,
2105,nh,
2106,nh,
2107,nh,
2108,h,e
2109,h,p
2110,nh,
2111,h,p
2112,nh,
2113,h,p
2114,h,e
2115,nh,
2116,nh,
2117,h,p
2118,nh,
2119,h,p
2120,h,r
2121,nh,
2122,h,p
2123,h,e
2124,h,p
2125,nh,
2126,h,p
2127,nh,
2128,nh,
2129,h,p
2130,h,p
2131,h,p
2132,nh,
2133,h,e
2134,h,p
2135,nh,
2136,nh,
2137,h,p
2138,h,e
2139,h,p
2140,h,e
2141,h,e
2142,nh,
2143,nh,
2144,nh,
2145,nh,
2146,nh,
2147,nh,
2148,nh,
2149,nh,
2150,nh,
2151,nh,
2152,nh,
2153,nh,
2154,h,p
2155,h,e
2156,h,p
2157,nh,
2158,nh,
2159,h,p
2160,nh,
2161,nh,
2162,h,r
2163,h,e
2164,nh,
2165,h,e
2166,h,e
2167,nh,
2168,nh,
2169,nh,
2170,h,p
2171,nh,
2172,nh,
2173,h,e
2174,h,r
2175,nh,
2176,nh,
2177,h,r
2178,h,e
2179,h,e
2180,nh,
2181,h,r
2182,nh,
2183,nh,
2184,h,e
2185,nh,
2186,nh,
2187,nh,
2188,nh,
2189,nh,
2190,h,p
2191,h,e
2192,h,r
2193,h,p
2194,h,p
2195,h,p
2196,nh,
2197,h,p
2198,h,e
2199,h,p
2200,h,e
2201,nh,
2202,nh,
2203,h,e
2204,h,r
2205,nh,
2206,nh,
2207,h,r
2208,nh,
2209,h,p
2210,h,e
2211,nh,
2212,nh,
2213,h,r
2214,nh,
2215,nh,
2216,h,p
2217,nh,
2218,nh,
2219,h,e
2220,h,e
2221,h,e
2222,nh,
2223,h,e
2224,h,e
2225,nh,
2226,nh,
2227,h,p
2228,nh,
2229,nh,
2230,nh,
2231,h,e
2232,h,p
2233,nh,
2234,nh,
2235,nh,
2236,nh,
2237,h,e
2238,h,e
2239,h,e
2240,h,r
2241,nh,
2242,nh,
2243,nh,
2244,nh,
2245,nh,
2246,nh,
2247,h,e
2248,h,r
2249,h,e
2250,h,e
2251,nh,
2252,nh,
2253,h,p
2254,h,p
2255,h,p
2256,nh,
2257,h,r
2258,h,r
2259,h,r
2260,h,p
2261,h,r
2262,h,e
2263,h,
2264,h,e
2265,h,e
2266,nh,
2267,nh,
2268,h,e
2269,h,e
2270,h,e
2271,nh,
2272,nh,
2273,nh,
2274,h,e
2275,nh,
2276,h,r
2277,h,p
2278,nh,
2279,h,p
2280,h,p
2281,nh,
2282,nh,
2283,nh,
2284,nh,
2285,h,p
2286,nh,
2287,h,p
2288,h,p
2289,nh,
2290,h,p
2291,h,p
2292,nh,
2293,h,e
2294,nh,
2295,nh,
2296,h,r
2297,nh,
2298,nh,
2299,nh,
2300,h,p
2301,nh,
2302,nh,
2303,h,e
2304,nh,
2305,nh,
2306,h,e
2307,h,e
2308,nh,
2309,nh,
2310,nh,
2311,nh,
2312,h,p
2313,h,e
2314,h,p
2315,h,r
2316,nh,
2317,h,e
2318,h,r
2319,h,e
2320,h,e
2321,nh,
2322,nh,
2323,h,e
2324,nh,
2325,nh,
2326,h,p
2327,nh,
2328,h,e
2329,nh,
2330,nh,
2331,h,r
2332,nh,
2333,h,p
2334,nh,
2335,nh,
2336,nh,
2337,nh,
2338,h,p
2339,nh,
2340,h,p
2341,h,e
2342,nh,
2343,nh,
2344,h,e
2345,nh,
2346,h,p
2347,nh,
2348,nh,
2349,nh,
2350,h,p
2351,h,e
2352,h,p
2353,nh,
2354,nh,
2355,h,p
2356,h,r
2357,h,p
2358,h,e
2359,h,e
2360,h,r
2361,nh,
2362,nh,
2363,h,e
2364,h,p
2365,h,p
2366,h,r
2367,h,r
2368,nh,
2369,h,p
2370,nh,
2371,nh,
2372,nh,
2373,nh,
2374,h,p
2375,h,p
2376,nh,
2377,nh,
2378,h,e
2379,h,r
2380,h,e
2381,nh,
2382,h,p
2383,h,p
2384,h,p
2385,h,e
2386,h,e
2387,h,p
2388,h,r
2389,nh,
2390,h,p
2391,nh,
2392,h,p
2393,nh,
2394,nh,
2395,h,e
2396,nh,
2397,h,p
2398,h,p
2399,h,e
2400,h,p
2401,h,p
2402,nh,
2403,nh,
2404,nh,
2405,nh,
2406,h,p
2407,h,e
2408,nh,
2409,h,p
2410,h,r
2411,nh,
2412,nh,
2413,h,e
2414,h,e
2415,nh,
2416,nh,
2417,nh,
2418,h,e
2419,h,p
2420,h,e
2421,nh,
2422,h,p
2423,nh,
2424,nh,
2425,h,p
2426,h,e
2427,h,p
2428,h,e
2429,h,p
2430,h,p
2431,h,e
2432,h,r
2433,nh,
2434,h,e
2435,nh,
2436,nh,
2437,nh,
2438,nh,
2439,h,e
2440,nh,
2441,h,p
2442,h,e
2443,nh,
2444,h,e
2445,nh,
2446,h,r
2447,h,p
2448,nh,
2449,h,p
2450,h,e
2451,nh,
2452,h,p
2453,h,e
2454,nh,
2455,h,r
2456,nh,
2457,h,p
2458,h,e
2459,h,r
2460,nh,
2461,h,p
2462,nh,
2463,h,e
2464,nh,
2465,h,r
2466,h,r
2467,nh,
2468,nh,
2469,nh,
2470,h,r
2471,nh,
2472,nh,
2473,nh,
2474,nh,
2475,nh,
2476,nh,
2477,nh,
2478,nh,
2479,nh,
2480,nh,
2481,nh,
2482,nh,
2483,nh,
2484,nh,
2485,nh,
2486,h,p
2487,h,e
2488,nh,
2489,h,e
2490,nh,
2491,nh,
2492,nh,
2493,h,p
2494,nh,
2495,nh,
2496,h,r
2497,nh,
2498,nh,
2499,nh,
2500,h,e
2501,nh,
2502,nh,
2503,nh,
2504,nh,
2505,nh,
2506,nh,
2507,nh,
2508,h,r
2509,nh,
2510,nh,
2511,nh,
2512,nh,
2513,nh,
2514,nh,
2515,h,r
2516,nh,
2517,nh,
2518,nh,
2519,nh,
2520,nh,
2521,h,r
2522,nh,
2523,h,p
2524,h,e
2525,nh,
2526,h,p
2527,h,p
2528,nh,
2529,h,r
2530,h,r
2531,nh,
2532,h,r
2533,h,e
2534,h,p
2535,nh,
2536,h,e
2537,h,p
2538,nh,
2539,nh,
2540,nh,
2541,nh,
2542,h,r
2543,nh,
2544,nh,
2545,h,e
2546,h,e
2547,nh,
2548,nh,
2549,h,p
2550,nh,
2551,h,r
2552,h,p
2553,nh,
2554,nh,
2555,h,r
2556,h,p
2557,nh,
2558,nh,
2559,h,r
2560,h,e
2561,h,r
2562,h,p
2563,nh,
2564,nh,
2565,h,p
2566,h,e
2567,h,e
2568,nh,
2569,nh,
2570,h,p
2571,h,r
2572,nh,
2573,h,e
2574,nh,
2575,h,r
2576,h,p
2577,h,p
2578,nh,
2579,nh,
2580,h,p
2581,nh,
2582,nh,
2583,nh,
2584,nh,
2585,h,e
2586,nh,
2587,h,p
2588,h,r
2589,nh,
2590,nh,
2591,h,p
2592,h,e
2593,h,r
2594,nh,
2595,nh,
2596,nh,
2597,nh,
2598,nh,
2599,h,r
2600,nh,
2601,h,r
2602,nh,
2603,h,e
2604,h,r
2605,nh,
2606,h,e
2607,h,p
2608,nh,
2609,nh,
2610,h,p
2611,h,p
2612,nh,
2613,nh,
2614,h,e
2615,h,p
2616,nh,
2617,nh,
2618,nh,
2619,h,r
2620,h,e
2621,nh,
2622,nh,
2623,h,e
2624,nh,
2625,h,e
2626,nh,
2627,h,p
2628,nh,
2629,h,p
2630,nh,
2631,nh,
2632,nh,
2633,h,p
2634,nh,
2635,nh,
2636,h,p
2637,h,e
2638,h,p
2639,h,r
2640,h,p
2641,nh,
2642,nh,
2643,nh,
2644,nh,
2645,h,p
2646,nh,
2647,h,e
2648,nh,
2649,nh,
2650,nh,
2651,nh,
2652,nh,
2653,nh,
2654,h,p
2655,nh,
2656,nh,
2657,h,r
2658,nh,
2659,nh,
2660,h,p
2661,h,e
2662,nh,
2663,nh,
2664,h,p
2665,nh,
2666,nh,
2667,h,e
2668,h,e
2669,nh,
2670,nh,
2671,nh,
2672,nh,
2673,h,p
2674,h,p
2675,h,p
2676,h,r
2677,nh,
2678,nh,
2679,nh,
2680,nh,
2681,nh,
2682,nh,
2683,nh,
2684,h,p
2685,nh,
2686,h,r
2687,nh,
2688,h,r
2689,h,e
2690,nh,
2691,h,p
2692,nh,
2693,h,e
2694,h,e
2695,h,e
2696,nh,
2697,h,p
2698,h,p
2699,nh,
2700,h,p
2701,nh,
2702,h,p
2703,h,e
2704,nh,
2705,h,e
2706,h,r
2707,nh,
2708,nh,
2709,h,r
2710,nh,
2711,h,p
2712,nh,
2713,h,e
2714,nh,
2715,nh,
2716,h,e
2717,nh,
2718,nh,
2719,nh,
2720,nh,
2721,nh,
2722,nh,
2723,h,r
2724,h,e
2725,nh,
2726,nh,
2727,nh,
2728,nh,
2729,h,p
2730,h,e
2731,h,e
2732,nh,
2733,nh,
2734,h,p
2735,h,p
2736,h,r
2737,h,e
2738,nh,
2739,h,p
2740,h,p
2741,h,e
2742,h,e
2743,h,e
2744,nh,
2745,h,r
2746,h,r
2747,h,r
2748,nh,
2749,h,e
2750,h,e
2751,nh,
2752,nh,
2753,nh,
2754,h,r
2755,nh,
2756,nh,
2757,h,r
2758,nh,
2759,h,r
2760,h,e
2761,h,e
2762,h,e
2763,nh,
2764,h,r
2765,nh,
2766,nh,
2767,nh,
2768,h,r
2769,h,p
2770,nh,
2771,nh,
2772,h,p
2773,nh,
2774,h,p
2775,h,e
2776,h,e
2777,nh,
2778,h,e
2779,h,e
2780,nh,
2781,nh,
2782,h,e
2783,nh,
2784,nh,
2785,nh,
2786,nh,
2787,h,p
2788,h,p
2789,h,p
2790,h,p
2791,h,r
2792,nh,
2793,nh,
2794,nh,
2795,h,e
2796,nh,
2797,nh,
2798,h,e
2799,nh,
2800,h,e
2801,h,p
2802,h,e
2803,nh,
2804,h,e
2805,nh,
2806,h,e
2807,h,r
2808,nh,
2809,h,e
2810,nh,
2811,h,e
2812,nh,
2813,nh,
2814,nh,
2815,nh,
2816,nh,
2817,nh,
2818,nh,
2819,nh,
2820,nh,
2821,nh,
2822,nh,
2823,h,e
2824,h,r
2825,nh,
2826,h,r
2827,nh,
2828,nh,
2829,nh,
2830,nh,
2831,nh,
2832,h,p
2833,nh,
2834,nh,
2835,nh,
2836,h,p
2837,h,e
2838,nh,
2839,h,p
2840,nh,
2841,h,e
2842,nh,
2843,nh,
2844,nh,
2845,h,e
2846,h,r
2847,nh,
2848,h,p
2849,h,p
2850,h,p
2851,h,e
2852,nh,
2853,h,e
2854,h,r
2855,h,p
2856,h,r
2857,nh,
2858,h,p
2859,h,e
2860,nh,
2861,h,r
2862,h,p
2863,h,p
2864,nh,
2865,nh,
2866,nh,
2867,h,p
2868,h,p
2869,h,p
2870,h,e
2871,h,p
2872,h,p
2873,h,e
2874,nh,
2875,nh,
2876,h,e
2877,h,p
2878,h,e
2879,h,r
2880,h,p
2881,nh,
2882,nh,
2883,h,p
2884,nh,
2885,h,p
2886,h,r
2887,nh,
2888,h,p
2889,h,e
2890,nh,
2891,nh,
2892,h,e
2893,nh,
2894,nh,
2895,nh,
2896,h,e
2897,h,p
2898,h,p
2899,h,e
2900,h,r
2901,nh,
2902,nh,
2903,h,p
2904,nh,
2905,h,e
2906,nh,
2907,nh,
2908,h,e
2909,h,r
2910,nh,
2911,nh,
2912,h,p
2913,h,e
2914,nh,
2915,nh,
2916,h,e
2917,h,p
2918,h,e
2919,nh,
2920,h,p
2921,nh,
2922,nh,
2923,nh,
2924,nh,
2925,h,p
2926,nh,
2927,h,r
2928,h,e
2929,h,r
2930,h,e
2931,h,e
2932,nh,
2933,nh,
2934,nh,
2935,nh,
2936,h,e
2937,nh,
2938,nh,
2939,h,p
2940,nh,
2941,nh,
2942,h,p
2943,h,e
2944,h,e
2945,nh,
2946,nh,
2947,nh,
2948,h,e
2949,nh,
2950,h,p
2951,nh,
2952,h,r
2953,nh,
2954,h,e
2955,nh,
2956,nh,
2957,h,e
2958,h,e
2959,nh,
2960,nh,
2961,nh,
2962,h,r
2963,h,p
2964,h,p
2965,nh,
2966,nh,
2967,h,r
2968,h,r
2969,nh,
2970,nh,
2971,nh,
2972,h,p
2973,h,r
2974,h,p
2975,h,r
2976,h,e
2977,h,p
2978,h,p
2979,h,g
2980,h,e
2981,h,p
2982,h,p
2983,nh,
2984,nh,
2985,h,r
2986,nh,
2987,nh,
2988,nh,
2989,h,p
2990,nh,
2991,h,e
2992,h,p
2993,nh,
2994,nh,
2995,h,r
2996,nh,
2997,h,e
2998,nh,
2999,h,p
3000,nh,
3001,nh,
3002,h,r
3003,h,e
3004,nh,
3005,nh,
3006,nh,
3007,nh,
3008,nh,
3009,nh,
3010,h,e
3011,nh,
3012,nh,
3013,nh,
3014,nh,
3015,nh,
3016,h,e
3017,h,p
3018,nh,
3019,nh,
3020,h,r
3021,nh,
3022,h,e
3023,nh,
3024,nh,
3025,h,e
3026,nh,
3027,nh,
3028,nh,
3029,h,e
3030,h,r
3031,h,r
3032,h,p
3033,h,e
3034,nh,
3035,nh,
3036,h,r
3037,h,e
3038,h,r
3039,nh,
3040,nh,
3041,nh,
3042,nh,
3043,h,e
3044,h,p
3045,nh,
3046,nh,
3047,h,p
3048,nh,
3049,h,p
3050,h,e
3051,h,p
3052,h,e
3053,nh,
3054,h,p
3055,nh,
3056,nh,
3057,nh,
3058,h,e
3059,h,e
3060,nh,
3061,h,e
3062,nh,
3063,h,p
3064,nh,
3065,nh,
3066,h,e
3067,h,e
3068,nh,
3069,h,p
3070,nh,
3071,h,e
3072,h,p
3073,nh,
3074,h,e
3075,h,p
3076,nh,
3077,h,e
3078,h,e
3079,h,e
3080,nh,
3081,nh,
3082,h,r
3083,nh,
3084,nh,
3085,nh,
3086,h,e
3087,h,e
3088,nh,
3089,h,r
3090,nh,
3091,h,e
3092,h,e
3093,nh,
3094,h,e
3095,h,e
3096,nh,
3097,h,e
3098,nh,
3099,h,r
3100,h,e
3101,nh,
3102,nh,
3103,nh,
3104,h,p
3105,nh,
3106,h,e
3107,nh,
3108,nh,
3109,h,r
3110,nh,
3111,nh,
3112,h,p
3113,nh,
3114,nh,
3115,h,e
3116,nh,
3117,nh,
3118,nh,
3119,nh,
3120,h,p
3121,h,e
3122,h,e
3123,nh,
3124,h,r
3125,nh,
3126,nh,
3127,nh,
3128,h,e
3129,h,p
3130,nh,
3131,nh,
3132,h,e
3133,nh,
3134,nh,
3135,h,p
3136,h,r
3137,h,e
3138,h,r
3139,h,r
3140,h,p
3141,h,p
3142,nh,
3143,nh,
3144,h,e
3145,nh,
3146,h,p
3147,nh,
3148,h,r
3149,h,e
3150,nh,
3151,nh,
3152,nh,
3153,nh,
3154,nh,
3155,nh,
3156,nh,
3157,nh,
3158,h,e
3159,h,e
3160,nh,
3161,nh,
3162,nh,
3163,nh,
3164,h,ethnicity
3165,nh,
3166,nh,
3167,nh,
3168,h,religion
3169,h,politics
3170,nh,
3171,nh,
3172,h,ethnicity
3173,nh,
3174,nh,
3175,h,sexual orientation
3176,nh,
3177,nh,
3178,nh,
3179,nh,
3180,nh,
3181,nh,
3182,h,e
3183,nh,
3184,nh,
3185,h,e
3186,nh,
3187,nh,
3188,nh,
3189,h,r
3190,nh,
3191,nh,
3192,nh,
3193,h,p
3194,nh,
3195,nh,
3196,nh,
3197,h,r
3198,nh,
3199,nh,
3200,h,p
3201,nh,
3202,nh,
3203,h,e
3204,h,e
3205,nh,
3206,h,r
3207,h,r
3208,nh,
3209,h,r
3210,nh,
3211,h,e
3212,nh,
3213,nh,
3214,nh,
3215,nh,
3216,h,p
3217,h,p
3218,h,e
3219,h,r
3220,nh,
3221,nh,
3222,nh,
3223,h,r
3224,h,e
3225,nh,
3226,nh,
3227,nh,
3228,h,r
3229,h,e
3230,h,p
3231,h,p
3232,nh,
3233,nh,
3234,h,e
3235,h,e
3236,h,p
3237,nh,
3238,h,p
3239,nh,
3240,nh,
3241,nh,
3242,h,e
3243,nh,
3244,h,r
3245,nh,
3246,h,p
3247,h,e
3248,h,r
3249,nh,
3250,nh,
3251,nh,
3252,h,r
3253,nh,
3254,h,p
3255,nh,
3256,nh,
3257,nh,
3258,nh,
3259,h,p
3260,h,r
3261,nh,
3262,h,e
3263,nh,
3264,h,e
3265,h,e
3266,nh,
3267,h,e
3268,h,p
3269,nh,
3270,h,e
3271,nh,
3272,h,p
3273,nh,
3274,h,e
3275,h,e
3276,h,e
3277,nh,
3278,nh,
3279,nh,
3280,h,r
3281,h,e
3282,h,e
3283,h,p
3284,h,e
3285,h,e
3286,nh,
3287,nh,
3288,h,p
3289,h,r
3290,nh,
3291,h,p
3292,nh,
3293,nh,
3294,h,e
3295,nh,
3296,h,e
3297,h,e
3298,nh,
3299,nh,
3300,nh,
3301,h,p
3302,h,p
3303,nh,
3304,nh,
3305,nh,
3306,nh,
3307,h,p
3308,h,r
3309,h,e
3310,nh,
3311,nh,
3312,nh,
3313,nh,
3314,nh,
3315,h,e
3316,h,e
3317,nh,
3318,h,e
3319,h,p
3320,nh,
3321,nh,
3322,nh,
3323,nh,
3324,nh,
3325,nh,
3326,nh,
3327,nh,
3328,nh,
3329,h,r
3330,nh,
3331,nh,
3332,nh,
3333,nh,
3334,h,e
3335,nh,
3336,nh,
3337,nh,
3338,h,e
3339,h,e
3340,nh,
3341,h,p
3342,nh,
3343,nh,
3344,h,e
3345,h,p
3346,nh,
3347,nh,
3348,h,r
3349,nh,
3350,nh,
3351,h,r
3352,h,p
3353,nh,
3354,nh,
3355,h,p
3356,h,e
3357,nh,
3358,h,e
3359,h,e
3360,nh,
3361,h,p
3362,h,p
3363,h,o
3364,nh,
3365,nh,
3381,nh,
3382,h,e
3383,h,p
3384,nh,
3385,h,e
3386,nh,
3387,nh,
3388,nh,
3389,nh,
3390,h,p
3391,nh,
3392,nh,
3393,h,r
3394,nh,
3395,nh,
3396,nh,
3397,h,p
3398,nh,
3399,h,e
3400,nh,
3401,h,p
3402,nh,
3403,h,r
3404,h,p
3405,nh,
3406,h,p
3407,nh,
3408,nh,
3409,h,e
3410,h,e
3411,h,p
3412,h,r
3413,nh,
3414,h,p
3415,nh,
3416,nh,
3417,h,e
3418,h,r
3419,nh,
3420,h,p
3421,nh,
3422,nh,
3423,h,e
3424,h,r
3425,nh,
3426,h,e
3427,h,r
3428,h,p
3429,h,p
3430,nh,
3431,h,e
3432,h,p
3433,h,e
3434,nh,
3435,h,e
3436,h,p
3437,nh,
3438,h,p
3439,nh,
3440,nh,
3441,h,e
3442,nh,
3443,h,e
3444,nh,
3445,h,p
3446,nh,
3447,h,e
3448,h,r
3449,nh,
3450,h,e
3451,nh,
3452,nh,
3453,nh,
3454,h,r
3455,h,e
3456,h,r
3457,h,e
3458,nh,
3459,h,p
3460,nh,
3461,nh,
3462,h,r
3463,h,e
3464,h,e
3465,nh,
3466,h,p
3467,h,p
3468,nh,
3469,nh,
3470,h,p
3471,nh,
3472,nh,
3473,nh,
3474,nh,
3475,h,p
3476,h,p
3477,nh,
3478,nh,
3479,nh,
3480,nh,
3481,h,p
3482,nh,
3483,nh,
3484,nh,
3485,nh,
3486,nh,
3487,h,r
3488,h,p
3489,h,r
3490,nh,
3491,h,e
3492,nh,
3493,h,e
3494,nh,
3495,nh,
3496,h,p
3497,nh,
3498,nh,
3499,h,r
3500,nh,
3501,h,p
3502,h,p
3503,nh,
3504,nh,
3505,nh,
3506,h,p
3507,nh,
3508,nh,
3509,h,e
3510,h,e
3511,nh,
3512,nh,
3513,nh,
3514,h,r
3515,nh,
3516,h,r
3517,nh,
3518,h,e
3519,nh,
3520,h,p
3521,nh,
3522,h,e
3523,nh,
3524,nh,
3525,nh,
3526,nh,
3527,nh,
3528,h,e
3529,h,p
3530,h,r
3531,nh,
3532,nh,
3533,nh,
3534,nh,
3535,nh,
3536,nh,
3537,h,r
3538,h,e
3539,nh,
3540,h,p
3541,nh,
3542,h,e
3543,nh,
3544,h,p
3545,nh,
3546,h,e
3547,h,r
3548,nh,
3549,nh,
3550,h,p
3551,nh,
3552,h,r
3553,nh,
3554,nh,
3555,nh,
3556,nh,
3557,nh,
3558,h,p
3559,h,e
3560,nh,
3561,nh,
3562,h,e
3563,h,p
3564,nh,
3565,h,p
3566,nh,
3567,h,p
3568,h,e
3569,nh,
3570,h,p
3571,h,e
3572,nh,
3573,h,e
3574,h,p
3575,h,p
3576,nh,
3577,nh,
3578,h,r
3579,nh,
3580,h,e
3581,nh,
3582,nh,
3583,nh,
3584,nh,
3585,nh,
3586,nh,
3587,nh,
3588,nh,
3589,nh,
3590,h,e
3591,h,p
3592,nh,
3593,nh,
3594,nh,
3595,nh,
3596,h,r
3597,h,e
3598,nh,
3599,h,e
3600,h,p
3601,nh,
3602,nh,
3603,nh,
3604,h,p
3605,h,p
3606,nh,
3607,h,p
3608,nh,
3609,h,r
3610,nh,
3611,nh,
3612,h,r
3613,nh,
3614,h,p
3615,nh,
3616,nh,
3617,h,e
3618,h,p
3619,h,p
3620,nh,
3621,nh,
3622,h,r
3623,h,e
3624,nh,
3625,h,p
3626,nh,
3627,h,e
3628,nh,
3629,nh,
3630,h,p
3631,nh,
3632,h,e
3633,h,r
3634,h,e
3635,nh,
3636,nh,
3637,nh,
3638,h,p
3639,h,p
3640,nh,
3641,nh,
3642,nh,
3643,nh,
3644,nh,
3645,h,p
3646,nh,
3647,h,p
3648,nh,
3649,h,e
3650,nh,
