id,subreddit,title,body,created_utc,contains_keywords,contains_profanity,keywords_in_title,keywords_in_body,profanity_in_title,profanity_in_body,num_comments,score
1jy6o5t,Turkey,GÃ¼ncel BOYKOT bilgileri,"KullanÄ±cÄ±larÄ±mÄ±zÄ±n paylaÅŸtÄ±klarÄ± bilgiler Ä±ÅŸÄ±ÄŸÄ±nda gÃ¼ncel boykotlarla ilgili bilgileri aÅŸaÄŸÄ±da derledik. (GÃ¼ncelleme: 13 Nisan 2025 16.00)

https://preview.redd.it/nn2ed3rodlue1.jpg?width=1152&format=pjpg&auto=webp&s=aae8387cf14150c25b912079fbc5cfcc1850262d

2 Nisan'daki bir gÃ¼nlÃ¼k boykota verilen tepkilerin de gÃ¶sterdiÄŸi gibi **boykotlar TÃ¼rkiye'de de Ã§ok etkili oluyor.** GÃ¶zÃ¼nÃ¼zÃ¼ kulaÄŸÄ±nÄ±zÄ± aÃ§Ä±k tutun, gÃ¼ncel boykot ve kampanyalara destek verin. Bu sÄ±rada boykotlu markalara Ã§eÅŸitli platformlar Ã¼zerinden deÄŸerlendirmeler yapmayÄ± ve yorumlar bÄ±rakmayÄ± da unutmayÄ±n.

Bu konuya yoÄŸunlaÅŸmÄ±ÅŸ [**r/akpboykot**](https://www.reddit.com/r/akpboykot/) subredditini de ziyaret etmenizi Ã¶neririz.

UnutmayÄ±n, **herhangi bir firmayÄ± boykot edeceÄŸinizi sÃ¶ylemek ve diÄŸerlerini boykota davet etmek suÃ§ deÄŸildir** ve hukuken tazminat gerektirmez! Ancak yasal olarak Ã¶denmesi zorunlu vergi, borÃ§, ceza gibi ÅŸeylerin boykot edilmesini Ã¶nermek suÃ§ teÅŸkil edebilir.

https://preview.redd.it/zs6lv02oclue1.jpg?width=848&format=pjpg&auto=webp&s=01cd2e59e5899dd5ae0e2599579d8cf1f3afed72

**CHP'nin gÃ¼ncel boykot listesi:**

||
||
|**A Haber**|**AkÅŸam**|**Anadolu AjansÄ±**|**ATV**|
|**Audi**|**Beyaz TV**|**CNN TÃ¼rk**|**D&R**|
|**DBL Entertainment**|**DemirÃ¶ren Grubu**|**DHA**|**DoÄŸuÅŸ Grubu**|
|**EspressoLab**|**ETS Tur**|**GÃ¼naydÄ±n Restaurant**|**Ä°ddaa**|
|**Ä°defix**|**Ä°HA**|**Ä°hlas Ev Aletleri**|**Ä°hlas Medya Grubu**|
|**Ä°hlas Pazarlama**|**Kanal D**|**Kral FM**|**Milli Piyango**|
|**Misli**|**NTV**|**NusrEt**|**Sabah**|
|**Skoda**|**Star TV**|**TGRT**|**TRT**|
|**Turkuvaz Medya**|**TÃ¼rkiye Gazetesi**|**Volkswagen**|**Yeni Åafak**|

Bunlara ek olarak iktidarla baÄŸlarÄ± nedeniyle **Pelit, Big Daddy Alsancak, Ãœlker, Bim, Åok, A101, SeÃ§ Market, Makromarket, Watsons, SÃ¼tiÅŸ, Mado, Simit SarayÄ±, Alpella, Mis SÃ¼t, D-Smart, Ä°HH, HÃ¼rriyet, Posta, Takvim, Fanatik, FotomaÃ§, Galataport, Medipol, Memorial SaÄŸlÄ±k, AytaÃ§ Et, Besler, Bizim Toptan, Godiva, Superfresh, KerevitaÅŸ, ebebek, English Home, AydÄ±n Ã–rme, Odamax,** **ucuzabilet, HIQ, Torku, TÃ¼rk Petrol,** ile **DoÄŸuÅŸ, Ä°hlas, DoÄŸan, DemirÃ¶ren, YÄ±ldÄ±z, Turgut AydÄ±n, Saruhan, Cengiz, Kolin, Kalyon, Limak, Makyol gruplarÄ±na ait ÅŸirketler** bir Ã§ok boykot listesinde yer alÄ±yor.

  
**GÃ¼ncel boykot listeleri iÃ§eren siteler (VPN gerekebilir):**

* [**boykotyap.org**](http://boykotyap.org) **(CHP)**
* [**boykot.me**](https://boykot.me/) **(markalarÄ± boykot nedenleriyle birlikte gÃ¶steren bir liste)**
* [**boykotla.app**](http://boykotla.app) **ve** [**boykotlar.app**](http://boykotlar.app) **(barkodla boykotlu Ã¼rÃ¼n tespiti)**
* [**botkotÃ§um app**](https://play.google.com/store/apps/details?id=com.erayerdin.boykotcum&hl=en-US) **(fotoÄŸraftan boykotlu Ã¼rÃ¼n tespiti)**
* [**yandaslarboykot.com**](http://yandaslarboykot.com) **(gÃ¼ncel boykotlu markalar listesi)**
* [**boykotlist**](https://boykotlist.fun/) **(markalarÄ± ÅŸirketlerle eÅŸleÅŸtiren bir liste)**
* [**boykot2025**](https://boykot2025.com/) **(kÃ¼Ã§Ã¼k boykotlarÄ± da katan Ã§ok bÃ¼yÃ¼k bir liste)**
* [**boykot haritasÄ±**](https://www.boykotharitasi.com/) **(gÃ¼ncellenen uzun bir liste)**
* [**boykot.web.tr**](http://boykot.web.tr) **(toplum destekli boykot platformu)**
* [**MÃ¼lksÃ¼zleÅŸtirme AÄŸlarÄ±**](https://graphcommons.com/h/mulksuzlestirme) **(holdinglerin ve sektÃ¶rlerin iliÅŸki aÄŸlarÄ±)**
* [**Boykot MarkalarÄ±nÄ±n Holding BaÄŸlantÄ±larÄ± (PDF)**](https://gofile.io/d/KfCrhX)

[**Boykot ne demek? Boykot nasÄ±l yapÄ±lÄ±r?**](https://www.birgun.net/haber/boykot-ne-demek-boykot-nasil-yapilir-610070)

[**Boykot Nedir? Neden yapÄ±lÄ±r?**](https://www.reddit.com/gallery/1jjn816)

[**TÃ¼ketici gÃ¼cÃ¼yle deÄŸiÅŸim: Ekonomik boykot nedir? NasÄ±l yapÄ±lÄ±r?**](https://www.gazeteyenigun.com.tr/haber/24371342/tuketici-gucuyle-degisim-ekonomik-boykot-nedir-nasil-yapilir)

Yorumlarda paylaÅŸtÄ±ÄŸÄ±nÄ±z boykot bilgileri ve ilgili site ve applar bir dahaki gÃ¼ncellememize eklenebilir.

[Her Ã‡arÅŸamba boykot gÃ¼nÃ¼](https://preview.redd.it/yqt7brpudlue1.jpg?width=1024&format=pjpg&auto=webp&s=ea25637f0d571f94bac189b707ab9f2d70f76cb6)",2025-04-13 15:36:55,False,True,False,False,False,True,0,4
1jy5fbo,Turkey,Protestolar Ne Zaman? Nerede?,"[**Ã–ZGÃœRLÃœK HARÄ°TASI** ](https://ozgurharita.app/)**-** GÃ¼ncel harita Ã¼zerinde eylemlerin saatlerini ve yerleri.

[**VELVELE** ](https://velvele.net/)**-** SÃ¼rekli gÃ¼ncellenen protestolar ve protestolarla ilgili makaleler.

[**DÄ°RENÄ°S.NET**](https://direnis.net/) **-** HaklarÄ±nÄ±zÄ± ve gÃ¼venliÄŸinizi korumak iÃ§in pratik bilgiler.

https://preview.redd.it/bw867v2o5lue1.jpg?width=667&format=pjpg&auto=webp&s=8ce99b401385b6bf509a352dee476e823eaed23f

**Konuyla ilgili diÄŸer subredditler:**

[**r/2025\_direnis**](https://www.reddit.com/r/2025_direnis/)

[**r/TurkiyeProtesto**](https://www.reddit.com/r/TurkiyeProtesto/)

[**r/KalkanDuvar**](https://www.reddit.com/r/KalkanDuvar/)

[**r/akpboykot**](https://www.reddit.com/r/akpboykot/)",2025-04-13 14:20:36,False,True,False,False,True,False,1,19
1jy21nt,Turkey,"KKTC ana muhalafet partisi CTP Genel BaÅŸkanÄ± Tufan ErhÃ¼rman, temel atma tÃ¶reninde duaya eÅŸlik etmedi: â€œAÃ§Ä±lÄ±ÅŸlarda dua edilmesini doÄŸru bulmuyorum. Bu, AnayasamÄ±zdaki laiklik ilkesi aÃ§Ä±sÄ±ndan da doÄŸru deÄŸildir.â€",,2025-04-13 10:16:45,False,True,False,False,True,False,93,1284
1jy4j7e,Turkey,Apolitik kedi olmayin,,2025-04-13 13:19:28,False,False,False,False,False,False,25,691
1jy3iyf,Turkey,"Antalya'da bir kuruyemiÅŸ dÃ¼kkanÄ±, sokaÄŸa afiÅŸ yapÄ±ÅŸtÄ±ran genÃ§leri polise ÅŸikayet etti.","Polis, terÃ¶rle mÃ¼cadele kanunu kapsamÄ±nda genÃ§leri 1 saat alÄ±koydu ve Ã§evre kirliÄŸinden para cezasÄ±na Ã§arptÄ±rdÄ±.",2025-04-13 12:05:09,False,True,False,False,False,True,29,677
1jy1pq8,Turkey,"Ãœmraniye'de emniyet ÅŸeridini kullanan sÃ¼rÃ¼cÃ¼den kendisine yol vermeyen sÃ¼rÃ¼cÃ¼ye: ""Senin bir gÃ¼n kafana sÄ±karlar herkese gider yapma, trafikte maganda Ã§ok aslanÄ±m.""",,2025-04-13 09:53:27,False,False,False,False,False,False,148,900
1jy2mlg,Turkey,"Ã–zgÃ¼r Ã–zel'den CumhurbaÅŸkanÄ± ErdoÄŸan'a: ""Tank getir karÅŸÄ±ma ateÅŸ et, bomba at, Ã¶ldÃ¼r beni ama AtatÃ¼rk'Ã¼n kurduÄŸu partiye kayyum atamaya kalkma.""","Kaynak:

https://x.com/bosunatiklama/status/1911317527310770361?t=6vR0-sdKsrT9t7FC1oAL9A&s=19",2025-04-13 10:59:02,False,True,False,False,True,True,37,677
1jy52is,Turkey,SayÄ±n bakanÄ±mÄ±z (yine) Ã¶rtÃ¼lÃ¼ reklam suÃ§u iÅŸliyor,Vay be devlet,2025-04-13 13:57:18,False,True,False,False,True,False,35,371
1jy56ez,Turkey,"Etimesgut belediye baÅŸkanÄ± Erdal BeÅŸikÃ§ioÄŸlu: ""Tasarruf tedbirleri kapsamÄ±nda vergisini Ã¶deyen bir vatandaÅŸa, hizmetleri Ã¶lÃ§Ã¼lÃ¼ bir ÅŸekilde vermemiz ne kadar etik?"" sorusunu akp'li belediye meclis Ã¼yesine soruyor","**VatandaÅŸÄ±n Ã¶dediÄŸi vergilerle, yine vatandaÅŸÄ±n Ã¼zerine tomalarla sÄ±kÄ±lan sular, biber gazlarÄ±, gÃ¶z yaÅŸartÄ±cÄ± gazlar ne kadar ahlÃ¢ki ve etikse**;

Tasarruf tedbirleri kapsamÄ±nda vergisini Ã¶deyen bir vatandaÅŸa hizmetleri Ã¶lÃ§Ã¼lÃ¼ bir ÅŸekilde vermek de o kadar ahlÃ¢ki ve etik

https://m.youtube.com/shorts/3EGA3ZvULP4 ",2025-04-13 14:04:23,False,True,False,False,True,True,25,272
1jy01ec,Turkey,birkaÃ§ ay iÃ§inde ap*nun serbest kalmasÄ±nÄ± planlÄ±yorlarmÄ±ÅŸ,,2025-04-13 07:58:34,False,False,False,False,False,False,97,813
1jy6dz1,Turkey,"Ã–zgÃ¼r Ã–zel: â€œErdoÄŸan, darbe yapmaya Ã§alÄ±ÅŸan bir cunta baÅŸkanÄ±dÄ±r.â€",Cunta sÃ¶ylemini sÄ±k sÄ±k tekrarlamasÄ± mÃ¼kemmel.,2025-04-13 15:21:07,False,True,False,False,False,True,6,178
1jy5oxl,Turkey,"DiyarbakÄ±r'da yolda devrilen meyve yÃ¼klÃ¼ tÄ±rÄ±n sÃ¼rÃ¼cÃ¼sÃ¼ hayatÄ±nÄ± kaybetti. BazÄ± vatandaÅŸlar, yola daÄŸÄ±lan meyveleri kasalarla araÃ§larÄ±na koydu.",https://www.dha.com.tr/gundem/diyarbakirda-devrilen-elma-yuklu-tirin-soforu-oldu-2617192,2025-04-13 14:38:16,False,False,False,False,False,False,68,183
1jy374q,Turkey,Lise MÃ¼dÃ¼rlerini Ä°fÅŸa Timi Kurma,"Biliyorsunuz ki pek Ã§ok lisede o kadar Ã¶ÄŸretmen aÃ§Ä±ÄŸa alÄ±ndÄ±. Åimdi benim fikrim ÅŸu: 

AKP'liler porno izlediklerini (genellikle bayaÄŸÄ± weird kategoriler oluyo bu arada) bir ÅŸekilde Twitter'dan, Twitch yayÄ±nÄ±ndan felan kendileri ifÅŸa ettirmeyi baÅŸarÄ±yorlar. Biz de bu mÃ¼dÃ¼rlerin twitter vb. hesaplarÄ±nÄ± bulup bu tarz ÅŸeyleri aÃ§Ä±ÄŸa Ã§Ä±karacaÄŸÄ±z. 

(Porno kiÅŸi itibarÄ±nÄ± en Ã§ok lekeleyecek ÅŸey olduÄŸu iÃ§in aklÄ±ma o geldi ama baÅŸka ÅŸeyler de olabilir.)

(Porno izlemek normal bir durumdur ama din ve zina ahkamÄ± kesip izlemek tezattÄ±r)",2025-04-13 11:40:23,False,True,False,False,False,True,21,306
1jy1bds,Turkey,Gidebilecekler gitsin arkadaÅŸlar ne kadar kalabalÄ±k o kadar iyi,,2025-04-13 09:24:51,False,False,False,False,False,False,19,365
1jy35kp,Turkey,"Ä°BB, EyÃ¼psultan Kent LokantasÄ±'nÄ±n yakÄ±nda aÃ§Ä±lacaÄŸÄ±nÄ± duyurdu",Kaynak: [Ekrem Ä°mamoÄŸlu](https://x.com/ekrem_imamoglu/status/1911316877135003762),2025-04-13 11:37:05,False,True,False,False,False,True,11,231
1jy5u8o,Turkey,boÅŸ dnr poÅŸetiyle nusretin Ã¶nÃ¼nden geÃ§iyorlar kafayÄ± yicem xd,,2025-04-13 14:47:53,False,False,False,False,False,False,20,123
1jy6ghj,Turkey,"CHP Genel BaÅŸkanÄ± Ã–zgÃ¼r Ã–zel: â€œBugÃ¼n Silivriâ€™de sadece CHPâ€™liler yok. Ãœmit Ã–zdaÄŸ da orada, sivil toplum temsilcileri, akademisyenler orada. Silivri zindanÄ±nÄ±, Esadâ€™Ä±n Sednaya hapishanesinin iÅŸkencesiz versiyonunu, muhalifleri susturmak iÃ§in kurulmuÅŸ olan o zindanÄ± bir Ã¶zgÃ¼rlÃ¼k mÃ¼zesi yapacaÄŸÄ±z.â€",,2025-04-13 15:25:00,False,False,False,False,False,False,3,112
1jy28ag,Turkey,MHPâ€™li BahadÄ±r AltÄ±nkeser: Ã–calanâ€™Ä±m TBMMâ€™de konuÅŸmasÄ±nÄ± doÄŸru buluyorum.,"*BaÅŸlÄ±k iÃ§erik belirtmeliymiÅŸ tekrar paylaÅŸÄ±yorum. 

Ben 21 yaÅŸÄ±ndayÄ±m benim Ã§ocukluÄŸum bunlarÄ±n chpâ€™yi pkk ile bir kefeye koyup zorbalamalarÄ±na ÅŸahit olmakla geÃ§ti. ÃœlkÃ¼ ocaklarÄ± 2023 seÃ§iminde photoshop yapÄ±p astÄ±klarÄ± pankartlar. Chp gelirse Ã¶calan serbest kalÄ±r diye bas bas baÄŸrÄ±nmalar. Bizzat o dÃ¶nem Ã§ok sÄ±kÄ± takip ettiÄŸim iÃ§in her seÃ§imde bir fiil gÃ¶rev aldÄ±ÄŸÄ±m iÃ§in dÃ¼n gibi hatÄ±rlÄ±yorum. Bu 180 dÃ¶nÃ¼ÅŸlerini sadece BÄ°Z mi gÃ¶rÃ¼yoruz? Hadi bunlarÄ±n davasÄ± yok Ã§Ä±karÄ± var diyelim peki ya SEÃ‡MENLERÄ°? Åimdi Reiz imrali heyetiyle gÃ¶rÃ¼ÅŸÃ¼yor. BahÃ§eli mecliste konuÅŸsun diyor. Mhpliler sayÄ±n diyor, baÅŸkanÄ±m ne derse odur diyor. Ya hadi bunlarÄ±n yÃ¼zÃ¼ kÄ±zarmasÄ±n. BUNLARA SEÃ‡MENLERÄ° NE DÄ°YOR? Ã‡evresinde olup da YÃœZÃœ KIZARAN VAR MI? Yani ESAS ONLARIN bu sÃ¼reÃ§ baÅŸlar baÅŸlamaz itiraz etmeleri gerekmez miydi? Anketlerde hala %25-30 Ã§Ä±kÄ±yor. Bu insanlar gerÃ§ek mi? KatlanamÄ±yorum abi bu ikiyÃ¼zlÃ¼lÃ¼ÄŸe KATLANAMIYORUM. Madem sizin duruÅŸunuzun ederi BU KADARDI onca sene nasÄ±l bir Ã¶zgÃ¼venle insanlarÄ± zorbaladÄ±nÄ±z?",2025-04-13 10:30:07,False,True,False,False,False,True,32,268
1jy6ae9,Turkey,Samsun Cumhuriyet Mahallesi anlÄ±k,ArkadaÅŸÄ±m paylaÅŸmam iÃ§in rica etti,2025-04-13 15:15:22,False,True,False,False,True,True,5,99
1jy4cm3,Turkey,AKP neden bu kadar oy alÄ±yor sorusunun verili analizi,"Son 2 gÃ¼ndÃ¼r paylaÅŸtÄ±ÄŸÄ±m parti anket ortalamalarÄ±na ""AKP bu kadar oy alamaz"", ""MHP'nin bu kadar oyu yok"" gibi mesajlar gÃ¶rÃ¼yorum. Bunlar Twitter'da yayÄ±nlanan her anket sonucuna gelen yorumlarla benzer. Muhalefet seÃ§meninin genel olarak dÃ¼ÅŸtÃ¼ÄŸÃ¼ bir hata var ki o da yakÄ±n Ã§evre, yaÅŸadÄ±ÄŸÄ± semt ve sosyal medya gibi sadece gÃ¶rebildiÄŸi Ã¶rneklem gruplarÄ±nÄ± baz almasÄ±. Oysa ki ne Ä°stanbul ne de TÃ¼rkiye bizim kendi yankÄ± odalarÄ±mÄ±zdan ibaret deÄŸil. Åimdi bunu verilerle ortaya koyalÄ±m. CHP'nin 1. parti olarak Ã§Ä±ktÄ±ÄŸÄ± 2024 yerel seÃ§imlerinde haritanÄ±n Ã§oÄŸunun kÄ±rmÄ±zÄ±ya, azÄ±nÄ±n sarÄ±ya boyandÄ±ÄŸÄ±nÄ± gÃ¶rdÃ¼k. Ancak bu, sanki o illerde hiÃ§ AKP oyu Ã§Ä±kmÄ±yor gibi bir yanÄ±lgÄ±ya yol aÃ§Ä±yor. Ä°llerde ve ilÃ§eler her partinin aldÄ±ÄŸÄ± oylarÄ±n yÃ¼zdesini ayrÄ± birer harita olarak inceleyerek duruma bakalÄ±m.

[CHP'nin il bazÄ±nda oy oranlarÄ±](https://preview.redd.it/a02nw77xmkue1.png?width=1920&format=png&auto=webp&s=4c6c9498df8e204bd6aca7edc4fffa05b5a08c4a)

[CHP'nin ilÃ§e bazÄ±nda oy oranlarÄ±](https://preview.redd.it/827r8vs0nkue1.png?width=1920&format=png&auto=webp&s=89d5ea8f88e7ccbf62f4a152ee1448c0451c4eab)

CHP'nin Ã§oÄŸu ilde oy aldÄ±ÄŸÄ±nÄ± gÃ¶rÃ¼yoruz ancak il ve ilÃ§e bazÄ±nda neredeyse hiÃ§ varlÄ±k gÃ¶steremediÄŸi epeyce yer mevcut. Ã–rneÄŸin Ä°Ã§ Anadolu'nÄ±n bir kÄ±smÄ±, Karadeniz'in alt bÃ¶lgeleri, DoÄŸu ve GÃ¼neydoÄŸu Anadolu'da neredeyse hiÃ§ yok. CHP, 1. liÄŸini bÃ¼yÃ¼k ÅŸehirlerdeki yÃ¼ksek oy oranlarÄ±na borÃ§lu. Ama tam anlamÄ±yla Ã¼lke Ã§apÄ±nda homojen bir oy daÄŸÄ±lÄ±mÄ± yok.

[AKP'nin il bazÄ±nda oy oranlarÄ±](https://preview.redd.it/zcgtdumlnkue1.png?width=1920&format=png&auto=webp&s=37176ab4ec2d1aec2a64831f8430cf7b2d595484)

[AKP'nin ilÃ§e bazÄ±nda oy oranlarÄ±](https://preview.redd.it/0bdhkydonkue1.png?width=1920&format=png&auto=webp&s=453cd81b390ed50a8a2cd5260d7a8d8f1afce7d3)

AKP'nin il ve ilÃ§e bazÄ±ndaki oy oranlarÄ±na baktÄ±ÄŸÄ±mÄ±zda TÃ¼rkiye genelindeki neredeyse her il ve ilÃ§ede varlÄ±k gÃ¶sterdiÄŸini gÃ¶rÃ¼yoruz. AKP, CHP'nin %5 bile oy alamadÄ±ÄŸÄ± Ã§oÄŸu yerde en az %20 oy alabilmeyi baÅŸarmÄ±ÅŸ. Ä°stanbul'da da CHP'nin kalesi sayÄ±labilecek ilÃ§elerde AKP %15-20 oy alabilirken CHP'nin yine %10 altÄ±na dÃ¼ÅŸtÃ¼ÄŸÃ¼nÃ¼ gÃ¶rÃ¼yoruz. Yani AKP Ã¼lke Ã§apÄ±nda bir kitle partisi ama CHP iÃ§in aynÄ±sÄ± geÃ§erli deÄŸil.

[MHP'nin il bazÄ±nda oy oranlarÄ±](https://preview.redd.it/9hn78zbhokue1.png?width=1920&format=png&auto=webp&s=e574ec5c488bef130bbd84b043ab3e25323558c8)

[YRP'nin il bazÄ±nda oy oranlarÄ±](https://preview.redd.it/yssfkn7kokue1.png?width=1920&format=png&auto=webp&s=53cf9c8afe6fe4a2dd45ac1645dc0be8d49b58ec)

MHP ve YRP de, aynÄ± DEM Parti gibi bÃ¶lgesel partiler aslÄ±nda. Her Ã¼Ã§ parti de her yerden oy alabilseler de aÄŸÄ±rlÄ±klÄ± olarak oy alabildikleri iller sÄ±nÄ±rlÄ± ve bunlarÄ± anketlerde Ã¶lÃ§ebilmek zor oluyor. Bu yÃ¼zden, siz gÃ¶rmeseniz bile bu oy potansiyelleri orada durmaya devam ediyor.

Åimdi gelelim diÄŸer sebeplere:

[AKP'nin genel seÃ§imlerdeki oy oranlarÄ±](https://preview.redd.it/gj588k82qkue1.png?width=777&format=png&auto=webp&s=ed71a4e4acab9f0e8b5f60b2b0cbb537514c7d7b)

ğŸŸ¨ AKP 22 yÄ±ldÄ±r iktidarda. Bu kadar uzun sÃ¼re iktidarda kalan bir partinin kemikleÅŸmiÅŸ bir oyunun olmasÄ± ve beklenebilecek bir ÅŸey. AKP bir dÃ¶nem %49'lara kadar Ã§ktÄ±ktan sonra oyu Ã¶nce %42'lere, sonra %35'lere gerileri. Yerel seÃ§imden sonraki anketlerde de 1-2 puan artÄ±p azalsa da genel olarak %30 civarÄ±nda gÃ¶rÃ¼nÃ¼yor. TÃ¼rkiye'de zaman iÃ§erisinde parti baÄŸlÄ±lÄ±ÄŸÄ± bir Ã§eÅŸit kimlik aiditiyetine dÃ¶nÃ¼ÅŸÃ¼yor ve bundan kolay kolay vazgeÃ§ilmiyor. Ama bu hep bÃ¶yle kalacak anlamÄ±na gelmez. GÃ¶rÃ¼ldÃ¼ÄŸÃ¼ Ã¼zere zaman iÃ§erisinde kÄ±rÄ±lÄ±mlar oluyor. Bir sonraki kÄ±rÄ±lÄ±m eÅŸiÄŸi, anketlerden ziyade gerÃ§ek bir seÃ§imde %30 ve altÄ±nda oy almasÄ± olur. Anketler aÃ§Ä±sÄ±ndan bakarsak da bana gÃ¶re kalÄ±cÄ± eÅŸik %27-28 bandÄ±. Anketlerde uzun sÃ¼re bu oran ve altÄ± gÃ¶rÃ¼ndÃ¼ÄŸÃ¼nde AKP yeni bir kÄ±rÄ±lÄ±m yaÅŸÄ±yor demektir ve aslÄ±nda teknik olarak da AKP'nin iktidar olma ÅŸansÄ±nÄ±n bittiÄŸi anlamÄ±na gelir.

ğŸŸ¨ AKP'nin hem kamu dÃ¼zeni hem de Ã¶zel sektÃ¶rle iliÅŸkileri kapsayan oturmuÅŸ bir yapÄ±sÄ± var. Bu dÃ¼zen bir kÄ±sÄ±m insan iÃ§in bir nevi gÃ¼ven ve istikrar anlamÄ±na geliyor. SekÃ¼ler hayat yaÅŸayan hatÄ±rÄ± sayÄ±lÄ±r miktarda insanÄ±n da AKP'yi destekliyor olmasÄ± bu dÃ¼zenden kaynaklanÄ±yor.

ğŸŸ¨ ErdoÄŸan, kendi kitlesi iÃ§in ikonik bir lider. Onun varlÄ±ÄŸÄ±, belki artÄ±k Ã¶mrÃ¼nÃ¼ tamamlamÄ±ÅŸ gÃ¶rÃ¼nen AKP'yi hÃ¢lÃ¢ ayakta tutabilen en Ã¶nemli etkenlerden biri.

ğŸŸ¨ Ã–zellikle TV, TÃ¼rkiye'de hÃ¢lÃ¢ en Ã¶nemli propaganda aracÄ± ve TÃ¼rkiye'deki ana akÄ±m medya ve devlet televizyonlarÄ±nda muhalefetin hiÃ§bir varlÄ±ÄŸÄ± yok.

ğŸŸ¨ TÃ¼rkiye'de sosyal deÄŸiÅŸimler Ã§ok hÄ±zlÄ± gerÃ§ekleÅŸmiyor. 2002 Genel seÃ§iminden bu yana, partilerin isimleri deÄŸiÅŸse de temsil ettikleri sosyo-kÃ¼ltÃ¼rel oy bloklarÄ± neredeyse hiÃ§ deÄŸiÅŸiklik gÃ¶stermedi. 2024 yerel seÃ§imlerinde radikal bir deÄŸiÅŸim olmuÅŸ gibi gÃ¶rÃ¼nse de bu da aslÄ±nda sosyo-kÃ¼ltÃ¼rel sebepler deÄŸil, aÄŸÄ±rlÄ±klÄ± olarak ekonomik sebeplerden kaynaklanÄ±yordu (dÃ¼ÅŸÃ¼k emekli maaÅŸlarÄ± gibi).

Ã–zetle; AKP'nin hÃ¢lÃ¢ belli oranlarda oy alabiliyor olmasÄ±nÄ±n makul aÃ§Ä±klamalarÄ± var ve kendi Ã§evremize bakarak AKP'nin desteksiz kaldÄ±ÄŸÄ±nÄ± dÃ¼ÅŸÃ¼nmemiz hata olur. AynÄ± ÅŸekilde, diÄŸer partilerin de ne kadar oyunun olup olmadÄ±ÄŸÄ±, bu konuyla ilgili analitik Ã§alÄ±ÅŸmalar yapmayanlarÄ±n tespit edebilmesi zor.",2025-04-13 13:05:58,True,True,False,True,False,True,22,143
1jy35nm,Turkey,TKP'nin genÃ§lik Ã¶rgÃ¼tÃ¼ TKG bugÃ¼n saat 18.00'de SAKARYA MEYDANI'nda eyleme Ã§aÄŸÄ±rÄ±yor!,">[**GELECEK BÄ°Z OLACAÄIZ! HÃœKÃœMETÄ°N ZORBALIÄINA DÄ°Z Ã‡Ã–KMEYECEÄÄ°Z! Sadece AKP hÃ¼kÃ¼metini deÄŸil, onu bugÃ¼nlere getiren Ã§Ã¼rÃ¼mÃ¼ÅŸ sermaye dÃ¼zenini deÄŸiÅŸtirmek iÃ§in beraber yÃ¼rÃ¼meye var mÄ±sÄ±nÄ±z?**](https://www.instagram.com/tkgankara/p/DIUQXnpoeDR/)",2025-04-13 11:37:15,False,True,False,False,True,True,7,180
1jy58cd,Turkey,TÃ¼rkiye has become the least affordable country to buy a home! Result of inefficient government!,,2025-04-13 14:07:51,False,False,False,False,False,False,19,109
1jy6sz5,Turkey,"Ã–zgÃ¼r Ã–zel: ""Biz sÄ±rtÄ±mÄ±zÄ± Amerika'ya deÄŸil millete dayÄ±yoruz. Biz gÃ¼cÃ¼mÃ¼zÃ¼ Trump'tan deÄŸil milletten alÄ±yoruz. DÃ¼n iÅŸgale gelenlere kÄ±rmÄ±zÄ± halÄ± serenler vardÄ± bugÃ¼n darbe yapmak iÃ§in yurt dÄ±ÅŸÄ±ndan icazet alanlar var.",,2025-04-13 15:44:28,False,True,False,False,True,False,2,77
1jy6jej,Turkey,Ã–zgÃ¼r Ã–zel: â€œBurada KurtuluÅŸ SavaÅŸÄ±'nÄ± baÅŸlatmak iÃ§in bir Ekrem karÅŸÄ±lamÄ±ÅŸtÄ± Mustafa Kemalâ€™i. BugÃ¼n bir Ekrem'i hepimiz karÅŸÄ±lÄ±yoruz.â€,Mustafa Kemalâ€™i Samsunâ€™a Ã§Ä±ktÄ±ÄŸÄ±nda karÅŸÄ±layan Kurmay BinbaÅŸÄ± Mahmut Ekrem Beyâ€™dir. Bu duruma atÄ±fta bulunmuÅŸ. ,2025-04-13 15:29:34,False,True,False,False,True,True,1,69
1jxzbjf,Turkey,"Ä°ddia: YÃ¼zbinlerce Filistin'li, TÃ¼rkiye SÄ±nÄ±rÄ±na Getirilebilir","Ä°srail'li gazeteci ariel oseran, Suriye'deki mÃ¼lteci kamplarÄ±nÄ±n Filistin'liler iÃ§in hazÄ±rlandÄ±ÄŸÄ±ndan bahsediyor

  
Kaynaklar: [https://x.com/ariel\_oseran/status/1910308201477611841](https://x.com/ariel_oseran/status/1910308201477611841) [https://www.i24news.tv/en/news/middle-east/levant-turkey/artc-syria-repurposing-refugee-camps-to-absorb-hundreds-of-thousands-of-gazans](https://www.i24news.tv/en/news/middle-east/levant-turkey/artc-syria-repurposing-refugee-camps-to-absorb-hundreds-of-thousands-of-gazans)",2025-04-13 07:11:58,True,True,False,True,False,True,55,311
1jxt1az,Turkey,BÃ¶yle bir iddia dolanÄ±yor. EÄŸer doÄŸruysa Ä°BB baÅŸta olmak Ã¼zere CHPâ€™li belediyelerin bu Ã¶ÄŸrencilere sahip Ã§Ä±kmasÄ± gerek,https://x.com/vekilince/status/1911121628257489042?s=46,2025-04-13 01:23:09,False,False,False,False,False,False,13,905
1jy6m4i,Turkey,UyanÄ±ÅŸ Ã§oktan baÅŸladÄ±,"  Protestolar, bÃ¼yÃ¼k Ã¶lÃ§Ã¼de **AtatÃ¼rkÃ§Ã¼** ideoloji etrafÄ±nda ÅŸekilleniyor. GÃ¶stericiler, **Laiklik**, **Demokrasi** ve **Cumhuriyet** **DeÄŸerlerini** savunarak, mevcut yÃ¶netimin bu ilkelere aykÄ±rÄ± politikalarÄ±na tepki gÃ¶stermektedir. Protestolar ""**Ya Hep Beraber Ya HiÃ§birimiz**"" etrafÄ±nda ÅŸekillenmiÅŸtir. Video 19 Mart ile 25 Mart arasÄ±nda yaÅŸanan olaylarÄ± iÃ§ermektedir.",2025-04-13 15:33:40,False,False,False,False,False,False,0,60
1jy3ufc,Turkey,Yeni dÃ¶vÃ¼ÅŸ sporu anti-kalkanjitsuyu Ã¶ÄŸrenip Ã¼lkemizi temsil edelim arkadaÅŸlar.,,2025-04-13 12:28:47,False,False,False,False,False,False,4,87
1jy4bmf,Turkey,"Korkmuyoruz,susmuyoruz,boyun eÄŸmiyoruz",,2025-04-13 13:03:53,False,False,False,False,False,False,1,82
1jy5wjv,Turkey,AydÄ±nâ€™Ä±n Ã‡ine ilÃ§esine baÄŸlÄ± TopÃ§am KÃ¶yÃ¼ Dedeler Mahallesi maden ocaÄŸÄ±yla yÄ±llardÄ±r mÃ¼cadele ediyor.,"DuruÅŸma 14 MayÄ±s'ta yapÄ±lacak.

https://www.instagram.com/reel/DHd5LtWtGHj",2025-04-13 14:51:55,False,True,False,False,True,True,1,54
1jxn6qb,Turkey,Chpnin yeni uzun adamÄ±,Bu genÃ§leri pmye alma iÅŸi bence Ã§ok iyi oldu. SÃ¼rekli yaÅŸlÄ± bunaklar gÃ¶rmekten gÄ±na gelmiÅŸti artÄ±k,2025-04-12 20:55:25,False,True,False,False,True,False,101,1494
1jy4fhs,Turkey,invincible multiverse,,2025-04-13 13:11:58,False,False,False,False,False,False,10,72
1jy6732,Turkey,CHP'ye bir Ã¶neri bÄ±rak. Åu an neyi doÄŸru neyi yanlÄ±ÅŸ yapÄ±yorlar?,"Chp GenÃ§lik KollarÄ± veya Ä°letiÅŸim burayÄ± okur mu okumaz mÄ± bilmiyorum. Daha Ã¶nce kendilerine ulaÅŸmaya Ã§alÄ±ÅŸtÄ±m ama geri dÃ¶nÃ¼ÅŸ olmadÄ±. Yine de bu post yÃ¼ksek bir ilgi gÃ¶rÃ¼rse Twitter ve Instagramda paylaÅŸÄ±p sesimizi duyurabiliriz. Ä°lk tepki benden gelsin

DoÄŸru:
1. Eylem-Protesto yerine Miting kelimesi, saÄŸcÄ± seÃ§menden gelecek negatif tepkiyi azaltÄ±yor. Eylem = TerÃ¶rizm = VandallÄ±k olarak iÅŸlendigi iÃ§in halkÄ±n minik beynine, Miting adÄ± altÄ±nda protesto yapmak daha doÄŸru.

YanlÄ±ÅŸ 
1. Mitinglerin sayÄ±sÄ± Ã§ok az. KÃ¼Ã§Ã¼k ÅŸehirlerin organize edilmesi gerek.


",2025-04-13 15:09:46,False,True,False,False,False,True,24,47
1jy4ln4,Turkey,Polis MÃ¼dahalesi Olmayan Åehirlerde DÃ¼zenli Protesto,Ã‡oÄŸu kÃ¼Ã§Ã¼k ÅŸehirde  yÃ¼rÃ¼yenler orta yaÅŸ emekli bu yÃ¼zden polis mÃ¼dahalesi yok . Ãœniler ses Ã§Ä±karmÄ±yor organize olmuyorlar. Ã‡oÄŸunda katÄ±lÄ±m var ancak organizasyon yok. Bunun iÃ§in haftada bir bu ÅŸehirlerin gruplanÄ±p protesto ve yÃ¼rÃ¼yÃ¼ÅŸler dÃ¼zenlemesi gerekli. Mesela pazartesi 2-3 ÅŸehir salÄ± baÅŸka 2-3 ÅŸehir bu ÅŸekilde haftada boÅŸluk olmadan ve insanlarÄ± yormadan protestolarÄ± tÃ¼m Ã¼lkede alÄ±ÅŸkanlÄ±k haline getirebiliriz. Ancak chp il ilÃ§e binalarÄ±nÄ± ikna etme konusunda sÄ±kÄ±ntÄ± Ã§ekiyoruz.  KÃ¼Ã§Ã¼k ÅŸehirler komitesi gibi bir ÅŸey kurup kÃ¼Ã§ÄŸk ÅŸehir chp ve diÄŸer siyasi  binalarÄ±na baskÄ± mÄ± yapÄ±lmalÄ±? Bu konu hakkÄ±nda ne dÃ¼ÅŸÃ¼nÃ¼yorsunuz? NasÄ±l bir yol Ã§izilmeli?,2025-04-13 13:24:21,False,True,False,False,False,True,7,66
1jy448o,Turkey,"Yunanistan Genelkurmay BaÅŸkanÄ± Dimitris Houpis: ""TÃ¼rkiye bir tehdit olmaya devam ediyor,Gerekirse beÅŸ dakika iÃ§inde mÃ¼dahale etmeye hazÄ±rÄ±z.""","Kaynak:(Yunanistan Gazetesi/Proto Thema)

https://en.protothema.gr/2025/04/12/dimitris-houpis-turkey-remains-a-threat-we-are-ready-to-intervene-in-five-minutes-wherever-needed/

TÃ¼rkiye'yi ilgilendirdiÄŸi iÃ§in post baÈ™lÄ±ÄŸÄ± TÃ¼rkÃ§e.",2025-04-13 12:49:06,False,True,False,False,True,False,51,70
1jy6kq7,Turkey,"""a-ama.. boykot iÅŸe yaramÄ±yor!""",https://x.com/espressolabtr/status/1911117882097820077?t=9ygvD-DVPqcSaU2YP1SW8w&s=19,2025-04-13 15:31:31,False,True,False,False,True,False,3,40
1jy5w95,Turkey,Son belediye kayyumlarÄ± sonrasÄ± Ã¼lke genelinde 30 binden fazla reklam panosunun kontrolÃ¼ rejime geÃ§ti,,2025-04-13 14:51:23,False,True,False,False,True,False,6,45
1jy59tv,Turkey,"CHP'nin Samsun'da dÃ¼zenlediÄŸi ""Millet Ä°radesine Sahip Ã‡Ä±kÄ±yor"" Mitingi",,2025-04-13 14:10:34,False,True,False,False,True,False,2,49
1jxi9ui,Turkey,Bunu anlatmak istiyoruz bazÄ±larÄ±na,,2025-04-12 17:15:31,False,False,False,False,False,False,27,2230
1jxycsw,Turkey,Dr. Ali Kavuzlu maÄŸduruyum ama sesimi Googleâ€™da bile duyuramÄ±yorum.,"Hem nefes problemi hem de estetik nedenlerle Dr. Ali Kavuzluâ€™ya ameliyat oldum. Googleâ€™da yÃ¼zlerce olumlu yorum vardÄ±: â€œÃ§ok doÄŸalâ€, â€œnefesim aÃ§Ä±ldÄ±â€, â€œhiÃ§ morluk olmadÄ±â€ gibi... Olumsuz yorum neredeyse hiÃ§ yoktu.

Bu kadar pozitif yorum gÃ¶rÃ¼nce gÃ¼venip ameliyat oldum. Ama maalesef burnumda ciddi orantÄ±sÄ±zlÄ±klar oluÅŸtu. Deliklerin biri yukarÄ±da biri aÅŸaÄŸÄ±da, burun ucu sarkÄ±k ve yapay duruyor. Nefes sorunum da hÃ¢lÃ¢ devam ediyor. Spor yaparken bile aÄŸzÄ±mdan nefes almak zorundayÄ±m.

Defalarca kontrole gittim, ama her seferinde aynÄ± ÅŸey: â€œBu normal, zamanla oturur.â€ Ama hiÃ§ bir ÅŸey deÄŸiÅŸmedi sorun devam ediyor.

Bu sÃ¼reÃ§te deneyimimi yazmak istedim. Googleâ€™da yorum bÄ±rakmayÄ± denedim ama yayÄ±nlanmadÄ±. Ã–nce bir hata sandÄ±m ama sonra dikkatimi Ã§ekti: Ã¶nceden var olan bazÄ± dÃ¼ÅŸÃ¼k puanlÄ± yorumlar da gÃ¶rÃ¼nmÃ¼yordu.

GÃ¶rÃ¼nÃ¼ÅŸe gÃ¶re bazÄ± doktorlar, eleÅŸtirel yorumlarÄ± â€œspama dÃ¼ÅŸÃ¼rÃ¼pâ€ sildirebiliyor. Bu ciddi bir konu. Ã‡Ã¼nkÃ¼ insanlar sadece olumlu yorumlarÄ± gÃ¶rerek hayatlarÄ±nÄ± etkileyecek kararlar alÄ±yor.

Sizce bu etik mi? GerÃ§ek hasta yorumlarÄ±nÄ± gÃ¶rememek hasta haklarÄ±na aykÄ±rÄ± deÄŸil mi?

Benim gibi yorum yazÄ±p yayÄ±nlanmayan baÅŸka hastalar var mÄ±? Bu durumda ne yaptÄ±nÄ±z?

Bu paylaÅŸÄ±mÄ± karalama amacÄ±yla deÄŸil, sadece farkÄ±ndalÄ±k yaratmak iÃ§in yapÄ±yorum.

Not: Bu iÃ§erik kiÅŸisel bir deneyimdir. GÃ¶rsel temsili olup kimseyi hedef gÃ¶sterme amacÄ± taÅŸÄ±mamaktadÄ±r.",2025-04-13 06:12:54,False,True,False,False,True,True,37,189
1jy4ijv,Turkey,Kocaeli'de direniÅŸ komitesi kuruyorum!,"Kocaeli'de ki sesizlik beni iliklerime kadar rahatsÄ±z etmekte. Kocaeli iÃ§in direniÅŸ yani protesto komitesi kurma kararÄ± aldÄ±m, Kocaeli'nde yaÅŸayan kiÅŸiler ve yardÄ±m etmek isteyen kiÅŸiler yazabilir. AynÄ± zamanda komite iÃ§in gerekli yasal veya diÄŸer olaylarÄ± bilen kiÅŸilerde bana ulaÅŸabilir mi? Konu hakkÄ±nda araÅŸtÄ±rma yapÄ±yorum. Kocaeli'de parti kollarÄ±ndan bir cacÄ±k olmayacak. Her tÃ¼rlÃ¼ yardÄ±ma ihtiyacÄ±m var. Åimdiden hepinize teÅŸekkÃ¼rler.",2025-04-13 13:18:10,False,True,False,False,False,True,7,46
1jy13ij,Turkey,ArkadaÅŸlar CHP meydanlarda standlar aÃ§Ä±yor oralarda imzanÄ±zÄ± atabilirsiniz!,,2025-04-13 09:09:47,False,False,False,False,False,False,2,96
1jy2o2e,Turkey,"Samsun Ãœniversite Ã–ÄŸrencileri, dÃ¼zenlenecek yÃ¼rÃ¼yÃ¼ÅŸÃ¼ duyurdu ğŸ“ Ziraat BankasÄ± Ã–nÃ¼ â€“ Cumhuriyet MeydanÄ± â€“ Ä°lkadÄ±m â€“ Samsun ğŸ—“ 13 Nisan 2025 Pazar ğŸ• 13.00 Miting Ã–ncesi Eylem!!!",https://ozgurharita.app/ Ã–zgÃ¼rlÃ¼k HaritasÄ±'nda da ayrÄ±ntÄ±larÄ± mevcuttur.,2025-04-13 11:01:37,False,True,False,False,True,False,0,65
1jy6jtf,Turkey,Ä°ktidara gelirlerse Apo'yu serbest bÄ±rakacaklar,,2025-04-13 15:30:13,False,False,False,False,False,False,3,27
1jy55k8,Turkey,Ã–zgÃ¼r Ã–zel Starmer'a rest Ã§ekti: TÃ¼m bunlar sona erdiÄŸinde dostlarÄ±mÄ±zÄ±n sessizliÄŸini hatÄ±rlayacaÄŸÄ±z,,2025-04-13 14:02:45,False,False,False,False,False,False,9,35
1jxwr52,Turkey,"TÃ¼rkiye'de Hukukun GeldiÄŸi Son Nokta. Mutlaka Ä°zleyin Hatta Akpli TanÄ±dÄ±ÄŸÄ±nÄ±z Varsa Ä°zletin. VicdanÄ± , Namusu , Haysiyeti Olan , Bir Ä°nsan Bu YapÄ±lanlara Sessiz Kalamaz!",,2025-04-13 04:40:47,False,True,False,False,True,False,11,200
1jy2olv,Turkey,"Havuz medyasÄ±: ""DEM'in gerÃ§ekten barÄ±ÅŸÄ± arzulayan isimleri Pervin Buldan, SÄ±rrÄ± SÃ¼reyya Ã–nder ve Ahmet TÃ¼rk""","YÃ¼ksel AytuÄŸ 13.04.2025 

""Siz bakmayÄ±n aklÄ± Ä°ngiliz'in teb'asÄ± olmakta kalanlarÄ±n bir kaÅŸÄ±k suda koparttÄ±ÄŸÄ± fÄ±rtÄ±naya... Hamdolsun ki Ã¼lkeme bahar geliyor. Hem de baÄŸÄ±ra Ã§aÄŸÄ±ra, kuÅŸlar gibi ÅŸakÄ±ya ÅŸakÄ±ya... AÃ§Ä±n pencereleri ve bu yumuÅŸacÄ±k, mis kokulu, huzur veren yeni memleket havasÄ±nÄ± doyasÄ±ya iÃ§inize Ã§ekin.

CumhurbaÅŸkanÄ± ErdoÄŸan, MHP Lideri BahÃ§eli, DÄ±ÅŸiÅŸleri BakanÄ± Fidan, MÄ°T MÃ¼steÅŸarÄ± KalÄ±n ve kadrolarÄ± bu gÃ¼nler iÃ§in bir Ã¶mÃ¼r emek verdiler.

Sadece onlar deÄŸil, DEM'in gerÃ§ekten barÄ±ÅŸÄ± arzulayan isimleri Pervin Buldan, SÄ±rrÄ± SÃ¼reyya Ã–nder ve Ahmet TÃ¼rk'Ã¼n Ã§abalarÄ± da tarihe geÃ§ecek nitelikteydi.""

""Ha gayret, yÃ¼zdÃ¼k yÃ¼zdÃ¼k kuyruÄŸuna geldik. MandacÄ±larÄ±n, tapÄ±nak ÅŸÃ¶valyelerinin, ABD uÅŸaklarÄ±nÄ±n, siyonizmin devÅŸirilmiÅŸ askerlerinin ÅŸimdilerde kaldÄ±rdÄ±ÄŸÄ± toz duman da bu harika manzaranÄ±n gÃ¶rÃ¼lmesini engellemek iÃ§indir.
AldÄ±rmadan yolumuza devam edelim. Ã‡Ã¼nkÃ¼ barÄ±ÅŸ ve huzur hepimize Ã§ok iyi gelecek...""

https://m.sabah.com.tr/yazarlar/gunaydin/aytug/2025/04/13/ben-bu-bahari-cok-sevdim",2025-04-13 11:02:43,False,True,False,False,False,True,19,61
1jy68ks,Turkey,"ALES'e giren arkadaÅŸlarÄ±m, protesto olarak ankete 1 basmayÄ± unutmayalÄ±m.",,2025-04-13 15:12:16,False,False,False,False,False,False,0,26
1jxm0cd,Turkey,"Ekrem Ä°mamoÄŸlu: Ne yaparsanÄ±z yapÄ±n, er ya da geÃ§ bu aziz millet sizi sandÄ±ÄŸÄ±n en dibine gÃ¶mecek.",,2025-04-12 20:03:54,False,True,False,False,True,False,46,820
1jxpwd5,Turkey,Samsunlu arkadaÅŸlar 13 Nisan Pazar saat 14.00'te Cumhuriyet MeydanÄ±nda toplanabilirsiniz.,,2025-04-12 22:56:03,False,True,False,False,True,False,8,472
1jil7v8,Turkey,FotoÄŸrafÃ§Ä± Ãœmit BektaÅŸ'Ä±n KadrajÄ±ndan 'SaraÃ§hane Semazeni',,2025-03-24 10:31:49,False,False,False,False,False,False,152,8174
xy8nar,Turkey,if atatÃ¼rk would be alive today. made with ai.,,2022-10-07 22:58:47,False,False,False,False,False,False,303,7022
1jlwt5h,Turkey,Elimdeki protesto fotoÄŸraflarÄ±ndan bir derleme.,,2025-03-28 17:48:48,False,False,False,False,False,False,111,6663
1jpkwmg,Turkey,Boykot Etmek Ä°Ã§in Ã‡ok Sebep Var,LÃ¼tfen boykotu bir gÃ¼ne yaymayalÄ±m. Elinizden geldiÄŸince az harcayalÄ±m. Zorunlu olmadÄ±kÃ§a bir ÅŸet satÄ±n almayÄ±p dÄ±ÅŸarÄ±da oturup yiyip iÃ§meyelim.,2025-04-02 13:00:26,False,True,False,False,False,True,75,5697
huhigl,Turkey,In Turkey they have introduced new cool blue roads! Some idiot cyclists use that road too but we honked at them and pushed them off the road. Problem solved.,,2020-07-20 11:10:02,False,False,False,False,False,False,203,5698
1jiope4,Turkey,"Eylemlerde polis ekiplerinin ÅŸiddetli ÅŸekilde darp ettiÄŸi Ã¶ÄŸrenci, bugÃ¼n yeniden Ä°TÃœ'de yapÄ±lan eyleme katÄ±ldÄ±.",,2025-03-24 14:46:35,False,False,False,False,False,False,165,5413
1jgo09k,Turkey,Ne diyeyim buna Ã§ok gÃ¼ldÃ¼m,"Denilene gÃ¶re bu ODTÃœ 'de  gÃ¶zaltÄ±na alÄ±nan iki Ã¶ÄŸrencinin ifadesiymiÅŸ.

",2025-03-21 21:35:58,False,False,False,False,False,False,72,5341
iltld0,Turkey,Lo-fi beats TÃ¼rkiye,,2020-09-03 16:41:14,False,False,False,False,False,False,226,4964
1jfy60u,Turkey,Biz terÃ¶rist deÄŸiliz bu vatanÄ±n evlatlarÄ±yÄ±z,,2025-03-20 23:05:17,False,False,False,False,False,False,219,4892
mqecd7,Turkey,Meanwhile in Turkey,,2021-04-14 02:33:09,False,False,False,False,False,False,84,4832
1jmirej,Turkey,"Ä°stanbul/Maltepe , 12:40",,2025-03-29 12:42:43,False,False,False,False,False,False,106,4799
1jmpyhy,Turkey,Ä°talya Floransa Belediye BaÅŸkanÄ± Maltepe Mitingine KatÄ±ldÄ±,,2025-03-29 19:22:29,False,False,False,False,False,False,106,4788
10v4867,Turkey,"Another 7.5 Magnitude Earthquake Hits Turkey, Caught on Live Tv",,2023-02-06 14:22:42,False,False,False,False,False,False,197,4733
u13xk4,Turkey,"TÃ¼rkiyeâ€™de bulunan UkraynalÄ± sÄ±ÄŸÄ±nmacÄ±lar, Antalyaâ€™da Ã§Ã¶pleri temizlemek iÃ§in inisiyatif kurdu. Hedeflerinin, â€œTÃ¼rkiyeâ€™ye ve halkÄ±na desteÄŸi iÃ§in teÅŸekkÃ¼r etmek, UkraynalÄ±lara burada misafir olduÄŸumuzu ve yerel halka saygÄ±lÄ± olmamÄ±z gerektiÄŸini hatÄ±rlatmakâ€ olduÄŸu aktarÄ±ldÄ±.",,2022-04-11 12:45:05,False,True,False,False,True,False,398,4701
1jwkumx,Turkey,Dikkat edelimmmmmmâ—ï¸â€¼ï¸,Her ÅŸeyi devletten bekliosunuz,2025-04-11 11:20:35,False,False,False,False,False,False,62,4697
1jew9nm,Turkey,Akit TV muhabiri kalabalÄ±k tarafÄ±ndan kovuldu ve polis barikatÄ±na sÄ±ÄŸÄ±nmak zorunda kaldÄ±,,2025-03-19 15:53:15,False,False,False,False,False,False,374,4684
mdu2yt,Turkey,Harsh truths,,2021-03-26 20:42:46,False,False,False,False,False,False,270,4574
l5dxer,Turkey,Hello Turkey! I made your country into a fantasy map. Im not Turkish but I hope you like it.,,2021-01-26 16:25:27,False,False,False,False,False,False,275,4530
t0o9t2,Turkey,KomÅŸudan bir Ã¶neri,,2022-02-25 02:11:45,False,False,False,False,False,False,171,4347
1jiwfqc,Turkey,NÃ¶bet deÄŸiÅŸiminden dÃ¶nen bir polis,,2025-03-24 20:30:34,False,False,False,False,False,False,309,4293
1jhi8i9,Turkey,PlayStation TÃ¼rkiyeâ€™nin X paylaÅŸÄ±mÄ±,,2025-03-22 23:44:59,False,False,False,False,False,False,65,4283
1jspbic,Turkey,Evrim aÄŸacÄ±ndan sessiz kalanlara mesaj,,2025-04-06 11:16:18,False,True,False,False,True,False,82,4240
1jgufpe,Turkey,"AtatÃ¼rk bayraklÄ± bir Ã§ocuk, suÃ§u anayasal hakkÄ±nÄ± kullanmak: Ã¼zerine mermi boÅŸalttÄ±lar, uÃ§an tekme attÄ±lar, 100 kiÅŸi Ã¼stÃ¼ne bindiler; tek bir kiÅŸinin...",,2025-03-22 02:15:08,False,False,False,False,False,False,333,4236
ic7l9r,Turkey,Efsaneyi hatirlayalim :D,,2020-08-18 22:15:20,False,False,False,False,False,False,89,4226
yu2c6t,Turkey,After math of recent live bombing near Turkey/Istanbul/Taksim,,2022-11-13 16:55:13,False,False,False,False,False,False,613,4195
1jpjgut,Turkey,Boykot Ã§ok iÅŸe yarÄ±yor.,,2025-04-02 11:09:54,False,False,False,False,False,False,41,4181
1jjpdtw,Turkey,emir kullarÄ±mÄ±zdan friendly fire,,2025-03-25 20:45:32,False,False,False,False,False,False,76,4154
wgoow3,Turkey,Ä°stiklal Caddesinde tek baÅŸÄ±na balonla eÄŸlenen bir sokak kÃ¶peÄŸi,,2022-08-05 10:09:17,False,False,False,False,False,False,163,4130
1jj1830,Turkey,cagri mert bakirci destegine devam ediyor.,bu adam sonuna kadar butun guzel seyleri hak ediyor. simdi youtube katildan uye olmaya gidiyorum.,2025-03-24 23:37:00,False,True,False,False,True,True,94,4080
jlf4f0,Turkey,I made this meme for my turkish bros (I have alot of friends in Izmir thats why I got really worried with the earthquake in Izmir) One struggle ğŸ‡¹ğŸ‡·â™¥ï¸ğŸ‡¬ğŸ‡·,,2020-10-31 11:53:47,False,False,False,False,False,False,221,4037
1jl8kzn,Turkey,Tutuklanan bir kadÄ±nÄ±n ifadesi ve polisin kadÄ±na tecavÃ¼z etmesi,"DÃ¶vÃ¼lerek tutuklandÄ±m.

TutuklandÄ±ktan sonra 1.90 boyunda sakallÄ± bir adam gelip gÃ¶gÃ¼slerimi elledi.

Korkudan altÄ±ma kaÃ§Ä±rdÄ±m.

ÅikayetÃ§i olmamam iÃ§in kadÄ±n polisler baskÄ± yaptÄ±.

Aileme haber verilmedi.

https://x.com/aykuterdogdu/status/1905286248119357463?s=46",2025-03-27 19:52:07,False,True,False,False,False,True,239,3966
lap2u0,Turkey,GÃ¼zel Ã¶zetlenmiÅŸ.,,2021-02-02 09:08:36,False,False,False,False,False,False,324,3970
1joppyo,Turkey,Boykot gidiÅŸatÄ± Ã§ok iyi,"GeÃ§tiÄŸimiz gÃ¼n HepsiburadanÄ±n deposunda Ã§alÄ±ÅŸan bi arkadaÅŸÄ±mla sohbet ediyordum ve boykottan sonra iÅŸlerde deÄŸiÅŸim olup olmadÄ±ÄŸÄ±nÄ± sordum, normalde 25-30 bin bandÄ±nda bir paketleme iÅŸi yapÄ±lÄ±rken ÅŸu an gÃ¼nde 6 bine kadar dÃ¼ÅŸtÃ¼ dedi. Haberiniz olsun dostlar iÅŸe yaramÄ±yor sanmayÄ±n BÄ°Z BERABER GÃœÃ‡LÃœYÃœZ BENÄ°M BOYKOTUMDAN NE OLUR YOK. BÃ–YLE DEVAM!",2025-04-01 10:18:10,False,True,False,False,False,True,145,3963
1jihv2m,Turkey,SaraÃ§hane'de protestocularÄ± daÄŸÄ±tmaya Ã§alÄ±ÅŸan AKP'li tekme tokat dÃ¶vÃ¼lÃ¼yor.,,2025-03-24 06:40:27,False,False,False,False,False,False,294,3888
mmnv3c,Turkey,CumhurbaÅŸkanlÄ±ÄŸÄ± Kararnamesi,,2021-04-08 12:14:28,False,True,False,False,True,False,66,3880
xyo6g4,Turkey,Mustafa Kemal AtatÃ¼rk'Ã¼n gÃ¼nÃ¼mÃ¼z askeri Ã¼niformasÄ±yla fotoÄŸrafi.,,2022-10-08 12:16:09,False,False,False,False,False,False,103,3836
1jf4y77,Turkey,"Ä°Ãœ BeyazÄ±tâ€™ta biber gazÄ± mermisi mi dersiniz ne derseniz onu yiyen bendim, 2 tane yedim, piÅŸman deÄŸilim. Tek piÅŸmanlÄ±ÄŸÄ±m erken (akÅŸam 9â€™da) ayrÄ±lmÄ±ÅŸ olmam.",BaÅŸta Ä°Ãœ olmak Ã¼zere bu eylemi asÄ±l baÅŸlatmÄ±ÅŸ olan solcu Ã¼niversite Ã¶ÄŸrencilerine ebesi saygÄ±mÄ± sunuyorum.,2025-03-19 22:08:06,False,True,False,False,True,False,156,3803
14mbhp6,Turkey,1 yil Ã¶nce vefat eden Dedem bana Facebook'dan mesaj yolluyormuÅŸ ama gÃ¶rmemiÅŸim,"GÃ¶rÃ¼nce nutkum tutuldu, kaybettiÄŸim dedem meÄŸersem yÄ±llarca doÄŸum gÃ¼nÃ½ mesajÄ± atmÄ±ÅŸ ama ben gÃ¶rmemiÅŸim. Beni bukadar vuran ise dedemin pek sevgisini gÃ¶stermeyip bÃ¶yle birÅŸeyi bana Ã¶zel yapmÄ±ÅŸ olmasÄ±ydÄ±. Ã‡ok garip hissettim ve burda paylaÅŸmak istiyorum. Allah Rahmet Eylesin.",2023-06-29 20:48:48,False,True,False,False,True,True,346,3801
jiy6c0,Turkey,"Tam 12 yÄ±l sonra efsaneden yeni bir entry daha geldi. Yine zehirli oku attÄ± dostlar, geÃ§miÅŸ olsun.",,2020-10-27 12:48:42,False,True,False,False,True,False,104,3740
fuv10o,Turkey,Turkish government banned go shopping without mask and here is the result,,2020-04-04 17:55:55,False,False,False,False,False,False,83,3722
1jgip5t,Turkey,SONDAKÄ°KA!! Polisler Ã¶dÃ¼l mamalarÄ±nÄ± aldÄ±,,2025-03-21 17:54:43,False,True,False,False,True,False,214,3712
kc95d5,Turkey,Cyberpunk Turkey,,2020-12-13 14:33:46,False,False,False,False,False,False,137,3698
1jknwph,Turkey,"""TÃ¼rk Polisi"" ......",,2025-03-27 00:57:10,False,False,False,False,False,False,111,3693
x77nqs,Turkey,"Musa ve Ä°brahim peygamberler tarihte yok dediÄŸi iÃ§in ifadeye Ã§aÄŸrÄ±lan Celal ÅengÃ¶r, savunmasÄ±nda 20â€™den fazla esere atÄ±f yaparak kanÄ±t sundu. ÅengÃ¶r ayrÄ±ca Nuh TufanÄ±â€™nÄ±n da masallara dayandÄ±ÄŸÄ±nÄ± kaynak gÃ¶stererek anlattÄ±",,2022-09-06 14:02:37,False,True,False,False,True,False,416,3641
1jpk10j,Turkey,BÄ±rakmak iÃ§in gÃ¼zel bir bahane,,2025-04-02 11:53:39,False,False,False,False,False,False,72,3629
1jpqblg,Turkey,Muse konseri iptal edildi! OrganizatÃ¶rden dolayÄ± baÅŸlattÄ±ÄŸÄ±mÄ±z boykotu Muse ciddiye aldÄ± ve gerekeni yaptÄ±.,,2025-04-02 17:43:54,False,False,False,False,False,False,73,3618
1jpoe4j,Turkey,"Ã–zgÃ¼r Ã–zel: â€œGenÃ§lere 'fiÅŸlenirsiniz ileride iÅŸe giremezsiniz' diyorlar Ã¶yle bir ÅŸey yok. AKPâ€™nin fiÅŸlemelerinin tamamÄ±nÄ±, sarayÄ±n Ã¶nÃ¼nde bidonda yakacaÄŸÄ±m ben. ArtÄ±k sadece AKP ve aparatlarÄ± korkacak.â€",,2025-04-02 16:20:34,False,True,False,False,True,False,115,3618
jwi818,Turkey,"I recreated Turkey in Minecraft, as part of a fully playable map of Europe I've made using satellite data, 1:230 scale.",,2020-11-18 18:53:07,False,False,False,False,False,False,128,3594
12df2vo,Turkey,Marketlerde satÄ±lan Ã¼rÃ¼nlerin Ã¼zerine â€œBu Ã¼rÃ¼n size pahalÄ± mÄ± geldi? ErdoÄŸan sayesindeâ€ yazÄ±lÄ± etiketler yapÄ±ÅŸtÄ±rÄ±ldÄ±ÄŸÄ± gÃ¶rÃ¼ldÃ¼.,,2023-04-06 12:56:55,False,False,False,False,False,False,192,3591
1jqck6c,Turkey,"KÃ¼Ã§Ã¼k esnafa Ã§aÄŸrÄ±, kapÄ±nÄ±za AtatÃ¼rk bayraÄŸÄ± asÄ±n. Sizden alÄ±ÅŸveriÅŸ yapalÄ±m.","BÃ¼yÃ¼k marketlere deÄŸil, kapÄ±sÄ±nda bayrak bulunduran kÃ¼Ã§Ã¼k esnafa kazandÄ±racaÄŸÄ±z. nakit Ã¶deyeceÄŸiz ev alÄ±ÅŸveriÅŸini dahi buralardan yapacaÄŸÄ±z. Berber, bakkal, manav fark etmez. kapÄ±na bayrak as. evinde de as.",2025-04-03 10:55:25,False,True,False,False,True,True,74,3563
1jxjnns,turkish,"I just realized as a Turkish native, that you can absolutely translate ""foreign hands"" as ""el eller"" to Turkish and I thought it was hilarious.","The English word ""foreign"" is typically translated to Turkish as ""yabancÄ±"" but in more rural parts of TÃ¼rkiye, especially by older people, the word ""el"" is also used as it is synonymous with ""yabancÄ±"" albeit more on the archaic and informal side. The humour here emerges from the fact that the primary meaning of the word ""el"" in Turkish is ""hand.""",2025-04-12 18:20:00,False,False,False,False,False,False,18,139
1jy1vj1,turkish,Locative case in Turkish-Caso locative-Lokatief gevalâ¤ï¸â€ğŸ”¥ğŸ‡¹ğŸ‡·,,2025-04-13 10:04:28,False,False,False,False,False,False,0,2
1jwz48v,turkish,Doyum? Tokum olmasÄ± gerekmiyor mu?,HayatÄ±mda bÃ¶yle bir sÃ¶zcÃ¼k dahi gÃ¶rmedim.,2025-04-11 23:01:20,False,False,False,False,False,False,80,330
1jwmlc2,turkish,I Translated a Montenegrin Poem abt Sultan Mahmud II into Turkish - Is It Any Good?,"ArÅŸa baÅŸÄ±n, ayÄ± geÃ§er gider,

Var kÄ±lÄ±cÄ±n, Ã¼Ã§ ay daha biter!

Ã‡elenkler var, dallar sarar seni,

senden korkar dÃ¼ÅŸman, eller kini.


 

Sen ki kartal, krallarÄ±n baÅŸÄ±,

sen ki ÅŸahin, Ã¼rkÃ¼tÃ¼r savaÅŸÄ±!

HÃ¼kÃ¼mdarlarÄ±n sultanÄ± sensin,

herkes sorar: ""Mahmud Halif neredesin?""

 


BaÅŸla sen, herkes seni tanÄ±yor,

ÅŸaÅŸma sakÄ±n, dÃ¼ÅŸmanlar anÄ±yor.

TÄ±pkÄ± kuzgun, kartalÄ± Ã§aÄŸÄ±rÄ±r,

senin gibi savaÅŸÃ§Ä±ya aÄŸlar.

 


Sen yaparsÄ±n TÃ¼rk'e gerekeni,

kÄ±rmazsÄ±n hiÃ§ alnÄ±nÄ±, yeneni.

Kafirleri savurur uzaklara,

girmezlerse Stambol'un kapÄ±sÄ±na.

Orda sana secde eder hepsi,

susuz kalÄ±r dÃ¼ÅŸmanÄ±n nefesi.



The original poem is ""Oda Sultanu Turskome"" (Ode to the Turkish Sultan) by Petar II PetroviÄ‡ NjegoÅ¡.

To be fair, archaic Montenegrin is immensely hard to translate, even w/o being beholden to poetic constraints. But my Turkish isn't that good (hence my writing in English), so I wondered - does this sound good? Natural? Or does it just sound crappy and forced.

I DO want to preserve some of its Montenegrin-ness; hence I kept the original ""Stambol"" instead of changing it ""Ä°stanbul."" But I do want the language to feel natural to the Turkish ear.

Any feedback is more than welcome


",2025-04-11 13:27:44,False,True,False,False,True,True,11,18
1jw3gvw,turkish,Åu enteresan objeye TÃ¼rkÃ§ede nasÄ±l hitap edildiÄŸini bileniniz var mÄ±?,"yolun ortasÄ±ndaki kÃ¼Ã§Ã¼k ÅŸemsiyeli platform bir bekÃ§iyi barÄ±ndÄ±rÄ±yor, bu ÅŸeye TÃ¼rkÃ§e de nasÄ±l hitap edildiÄŸini bileniniz var mÄ±?",2025-04-10 20:24:55,False,True,False,False,False,True,33,191
1jwbwy6,turkish,Hi could someone tell me what this means,dassagina kurban senin,2025-04-11 02:26:41,False,False,False,False,False,False,7,9
1jw2l6w,turkish,Offering Turkish,"

Hello, Iâ€™m 25M and a native Turkish speaker. If there is anyone who improving Turkish I can help. And I am trying to improve my English as well as. We can help each other. Also we can be friends. That would definitely be great because I love making friends and chatting with people from other countries. You can dm me :)",2025-04-10 19:48:37,False,True,False,False,False,True,7,14
1jvwn47,turkish,How well can Turkish speakers understand the easternmost Oghuz language Salar (Part 2),,2025-04-10 15:26:44,False,False,False,False,False,False,39,20
1jvv90q,turkish,Iâ€™ve been obsessed with watching my little pony and after I watched it in English I started watching it in Turkish and Iâ€™ve learnt many new words. Is there any other cartoons that you watched and it helped you improve your Turkish?,I,2025-04-10 14:08:16,False,False,False,False,False,False,8,16
1jvm3ob,turkish,"There should be a collective shame for the lack of Turkish educational material for children online, especially on YouTube.","There should be a collective shame for the lack of Turkish educational material for children online, especially YouTube.

I am writing in English because itâ€™s easier for me to write and I think itâ€™ll be more accessible to people to understand my frustration.          
         
I have a one year old child who I am doing my best to teach Turkish to, but my language skills are limited. Iâ€™ve been in been America since I was 5 (26 years) and only kept up my Turkish because I talked Turkish to my parents. I taught myself how to read and write by using the same principals of reading and writing to Turkish, so itâ€™s a miracle that I still speak Turkish.        
        
My wife is European American but she works at an Islamic school where Arabic and Quranic Arabic is taught standard. There are so many good resources online, ESPECIALLY YouTube of Arabic lessons for children. They are beautifully made, there is an unbelievable amount of heart that goes into them like Adam wa Mish Mish. At this point my daughter is learning more Arabic than she is learning Turkish because she will be attending this school my wife works at. I speak to my daughter constantly in Turkish, but im the only one.          
           
The material for Turkish on YouTube is terribly made 3D video, or a few videos of basic Turkish numbers and words. Thereâ€™s no grammar videos, thereâ€™s no beautifully animated content, thereâ€™s nothing that is worthy of the Turkish spirit. My wife knows more Arabic than Turkish because she plays these videos for Arabic language learning to her students so obviously through music and repetition she has learned Arabic. We canâ€™t do this for my daughter because there arenâ€™t anything to watch!        
          
I want my daughter to read, write, and speak in Turkish and not have to suffer as I did to learn my mother tongue.  I want her to speak Turkish more than I want her to speak English and any other language, but I donâ€™t have the resources in person nor online. Where is our Ms. Rachel? Where is the equivalent to sesame street? Where is our beautifully animated version of Adam wa Mish-Mish? What is this? Where is the shame? This is embarrassing and an insult to our children and especially to our future generations. There are children in Germany like my cousin who canâ€™t speak Turkish and heâ€™s 12 years younger than me and lives a train ride away from Turkey. My aunt was impressed and surprised that I still speak Turkish considering her youngest canâ€™t.            
          
I understand this will make people angry, thatâ€™s fine, Imam Ali said â€œEven if all the people were to gather together to frighten me,
I would never abandon the truth, even if it is bitter.â€            
           
I just expect better from our nation who is so proud of being Turkish. TÃ¼rkiye has given a piece of its self to every person born in its embrace which is so powerful that even someone 200 generations away from being born there would still be proud of having its blood. 
",2025-04-10 04:18:25,False,True,False,False,True,True,35,68
1jvk2in,turkish,Bir kelime diÄŸer dile nasÄ±l geÃ§er,"Mesela 'Torba'yÄ± ele alalÄ±m, bulunduÄŸum yerde Ã§antaya torba diyorlar. Åimdi bu sÄ±rplÄ±lar 'yahu torba daha iyi biz torba diyelim' mi demiÅŸ, yoksa bizimkiler mi zorlamÄ±ÅŸ. Yani kÄ±sacasÄ± bu kelimeler diÄŸer dile geÃ§erken nasÄ±l geÃ§iyor ve nasÄ±l bu kadar yaygÄ±nlaÅŸÄ±yorlar",2025-04-10 02:34:06,False,True,False,False,False,True,11,13
1jvf9sg,turkish,What does Nah Ã‡ekmek mean?,"Source video:

[https://www.instagram.com/share/reel/\_nBm2DCFw](https://www.instagram.com/share/reel/_nBm2DCFw)",2025-04-09 23:01:42,False,True,False,False,False,True,7,12
1jv7swa,turkish,bir kelime,"var mÄ± yok mu bilmiyorum ama yankÄ±sÄ± aklÄ±ma takÄ±lmÄ±ÅŸ bir kelime var.
bir memurun gÃ¶rev yapmasÄ±nÄ± aÃ§Ä±klayan ****** yapmak tarzÄ±nda bir kelime hatÄ±rlÄ±yorum, ama aklÄ±ma gelmiyor
yardÄ±mcÄ± fiili farklÄ± da olabilir bu arada
ama galiba arapÃ§a-farsÃ§a kÃ¶kenli bir ÅŸey",2025-04-09 17:57:07,False,True,False,False,False,True,13,19
1jvjiaw,turkish,Help with translation of Ä°nce Ä°nce Bir Kar YaÄŸar,"Ä°nce ince bir kar yaÄŸar fakirlerin Ã¼stÃ¼ne â€” A thin thin snow will fall on the poor

Neden felek inanmÄ±yor fukaranÄ±n sÃ¶zÃ¼ne â€” Why doesn't the world listen to the words of the poor

Ã–ldÃ¼k Ã¶ldÃ¼k biz aÃ§lÄ±ktan, etme aÄŸam n'olur â€” We died we died from hunger (etme aÄŸam?) please

Kimi mebus kimi vali, bize tahsil haramdÄ±r â€” Some deputy some governor, education is haram to us

Dayanamam artÄ±k senin bu yalancÄ± pozuna â€” I can't stand your lying pose anymore

YandÄ±k yandÄ±k bize okul, bize yol, bize hayat â€” It's over for us, school, roads, life

Etme aÄŸam, n'olur, n'olur, n'olur, n'olur, n'olur n'olur â€” 

Adam mÄ± Ã¶lÃ¼r yol yapÄ±lÄ±nca â€” Will man die if roads are built (What is the -ca suffix?)

Okul olunca, hayat bulunca â€” if there's school, if life is found

N'olur, n'olur, n'olur, n'olur n'olur... â€” Please please please...

Ä°stanbul'un benzemiyor neden o Urfalara â€” Why doesn't Urfa(lara?) resemble your Istanbul

Yoksul MaraÅŸ, susuz Urfa, ya DiyarbakÄ±rlarÄ±n? â€” Poor MaraÅŸ dry Urfa and DiyarabkÄ±r(larÄ±n?) too?

YandÄ±k yandÄ±k, Ã¶ldÃ¼k Ã¶ldÃ¼k, bir yudum su â€” We burned we burned we died we died one sip of water

Etme aÄŸam, n'olur â€” 

Ã–ldÃ¼k Ã¶ldÃ¼k, bir mektup yaz, yapma aÄŸam â€” We died we died write a letter, don't do it master

N'olur, n'olur, n'olur, n'olur, n'olur n'olur â€” Please please please...

Adam mÄ± Ã¶lÃ¼r toprak verince â€” Will man die if land is given

Ä°nsan sevince, kendin bilince â€” If people are loved if you know yourself

N'olur, n'olur, n'olur, n'olur n'olur... â€” Please please please...

Sen anandan ben babamdan aÄŸa doÄŸmadÄ±k dostum â€” You from your mom me from my dad we weren't born masters my friend

Gel beraber yaÅŸayalÄ±m, sanma ki sana kÃ¼stÃ¼m, â€” Come lets live together, don't think that I'm mad at you

YandÄ±m yandÄ±m, ayrÄ± gezme, etme gardaÅŸ, â€” I burned I burned don't wander off don't do it brother

N'olur, n'olur, n'olur, n'olur, n'olur n'olur â€” Please please please...

Adam mÄ± Ã¶lÃ¼r toprak verince â€” Will man die if land is given

BorÃ§ Ã¶deyince, kendin bilince â€” if the debt is payed, if you know yourself

N'olur, n'olur, n'olur gardaÅŸ n'olur â€” Please please please sibling please",2025-04-10 02:06:46,False,True,False,False,False,True,7,3
1jv3cd7,turkish,Is it possible to learn Turkish with games?,"We will have an online card game event for Turkish speaking practice! The event is free and open to all levels. A native Turkish teacher will teach/lead the event, so it's a fantastic opportunity!

If you're interested to join us, just leave me a comment here and I'll DM you later to exchange details. Or you can DM me directly.

**TIME**: Saturday, April 12th @ 9am New York City time  
**DURATION**: 1 hour

\*We also welcome native speakers of Turkish to play with us because we think English-Turkish exchange is very entertaining and effective.

\*\*We plan to play at the same time on the second Saturday of every month. So if you're not free this time, but you'd like to play in the future, just let me know and I'll put you on our invite list.",2025-04-09 14:21:11,False,True,False,False,True,True,4,8
1jv5rk6,turkish,I tried three gpts yet they failed except grok.,Hecelemeyi bilmiyorlar diÄŸerleri :/,2025-04-09 16:27:29,False,False,False,False,False,False,3,4
1juxhe7,turkish,Looking for Turkish Friends to Practice the Language and Share My Love for TÃ¼rkiye!,"Hi everyone! My name is Jomana and Iâ€™m 18 years old from Egypt. Iâ€™ve always had a deep love for TÃ¼rkiyeâ€”its language, culture, people, food, and beautiful cities. I recently started learning Turkish seriously and  My dream is to one day move to TÃ¼rkiye and live there, maybe even after I finish university.

Thatâ€™s why Iâ€™m looking to make genuine Turkish friends now. I want to practice the language together, talk about everyday life, culture, music, TV shows, and build real friendshipsâ€”not just for now, but maybe even for when I visit TÃ¼rkiye in the future.

If you love meeting new people, practicing languages, or just want to share your culture with someone who truly appreciates it, Iâ€™d be so happy to chat with you!

Feel free to reach out here TeÅŸekkÃ¼r ederim! Letâ€™s be friends!",2025-04-09 07:31:30,False,True,False,False,False,True,12,16
1jv1xi9,turkish,Clarify a Turkish saying,"I heard there was a saying in Turkey, that if you have big feet, you step in childrenâ€™s graves. Is this real? What is the Turkish for this",2025-04-09 12:50:03,False,False,False,False,False,False,12,6
1juxatp,turkish,Need Help,"I want to learn Turkish in Istanbul (and yes, it has to be Istanbul specifically, not Ankara). Galata area works the best. 

BoÄŸaziÃ§i isn't offering beginners courses this summer and I have no experience. So where can I do it?

Also, better if I can do this in July. Are there options besides YEE? Any Universitiy programs you recommend?",2025-04-09 07:20:31,False,True,False,False,False,True,6,6
1jv2at9,turkish,55 Essential Turkish Prepositions For Turkish Learners,"I feel using prepositions help a great deal to sound like a local. In this article, I have listed 55 essential Turkish prepositions ordered by category.",2025-04-09 13:15:24,False,False,False,False,False,False,0,2
1jurwsa,turkish,Need help translating this,"Can someone please help me translate this? 

""Thank you for hosting me, Aylin. Let this be a small gift to you, my sister. See you in September!""

Thank you :) ",2025-04-09 02:35:28,False,False,False,False,False,False,7,5
1juh4t0,turkish,Laf,"What does this word mean? I feel like Iâ€™ve seen it used in multiple ways and havenâ€™t been able to get a straight answer. On Google Translate, it says it means â€˜word,â€™ but Iâ€™ve seen it used in contexts where that wouldnâ€™t make sense.",2025-04-08 19:01:03,False,False,False,False,False,False,11,10
1judmyy,turkish,wtf does piyasa mean,piyasa nedemek. Is it slang? A real word?,2025-04-08 16:31:45,False,True,False,False,True,False,14,13
1juet3t,turkish,"The annoying ""n"" buffer in Turkish",,2025-04-08 17:24:08,False,False,False,False,False,False,0,2
1jugq05,turkish,What is the meaning of this,"Hi everyone, my turkish friend and I practice turkish since im gonna live in turkey for a while. 
At one point she texted this:
diÅŸledÃ¼mse la'lÃ¼n, ey kanum tÃ¶ken; kahr eyleme
dut ki kan itdÃ¼m; adalet eyle; kanÄ± kana tut
How does this translate to english? I dont think this is turkish am I getting bamboozled?",2025-04-08 18:43:59,False,True,False,False,False,True,2,0
1ju8xwm,turkish,"O Mu Bu Mu, what is the meaning of the TV show section?","https://youtube.com/playlist?list=PLb8Qcgc12J4zanCXdR5xGrLUjlTQo3nGf&si=PUeOWt39dpz8pb5Q

Hi Turk buddies! I saw this TV section of your reference comedian showman in your country. Exactly, what is it that mean? 

Many thanks for the help! Blessings! ğŸ™â¤ï¸",2025-04-08 11:50:50,False,False,False,False,False,False,2,2
1jtz7ft,turkish,Mabel Matiz - Mendilimde KÄ±rmÄ±zÄ±m Var,"Hi. As you know, understanding songs also requires familiarity with the culture etc. So, Iâ€™ve decided to explore songs that contain traditional elements, to help those who are learning Turkish or who simply love the language. In my free time, Iâ€™ll share new ones as well.

>There is red on my handkerchief / Mendilimde kÄ±rmÄ±zÄ±m var  
I wept, but didnâ€™t you notice? / AÄŸladÄ±m da gÃ¶rmedin mi?  
I became a fire, I burned, my love / YangÄ±n oldum yandÄ±m ben yar  
You brought water, was I not extinguished? / Su getirdin, sÃ¶nmedim mi?

>  
Numbered days will pass ah / SayÄ±lÄ± gÃ¼nler geÃ§er ah  
Let the sorrow that have come be endured / BaÅŸa gelmiÅŸ dert Ã§ekilsin  
Writing remains, words fly away ah / YazÄ± kalÄ±r sÃ¶z uÃ§ar ah  
Let a lament be kindled in my chest / Sinemde bir aÄŸÄ±t yakÄ±lsÄ±n

>  
Give it back, give me back my dream / Geri ver, geri ver bana dÃ¼ÅŸÃ¼mÃ¼  
My reality is burning me alas / YakÄ±yor gerÃ§eÄŸim be aman  
When the eyes do not see, can the heart endure / GÃ¶rmeyince bu gÃ¶z, katlanÄ±r mÄ± gÃ¶nÃ¼l  
Let us see each other again, once more / GÃ¶relim yeniden, yeniden

>  
There is a cluster of hyacinths on my handkerchief / Mendilimde pare sÃ¼mbÃ¼l  
The soul grew resentful, the nightingale wept / KÃ¼stÃ¼ can, aÄŸladÄ± bÃ¼lbÃ¼l  
Who can bear separation from the beloved / Kim dayansÄ±n yardan ayrÄ±  
The nightingale's remedy is the rose / BÃ¼lbÃ¼lÃ¼n Ã§aresi gÃ¼ldÃ¼r

To better understand the lyrics, you need to know that it makes use of the symbolic language of Sufism. What does this mean? It means that Sufi literature contains a great number of metaphors. In this text, I will try to clarify these metaphors as much as possible. First, let me summarize the concept of wahdat al-wujud (the unity of existence) in Sufism. According to Sufi metaphysics, existence is actually singular â€” and that is the existence of God. Created beings are merely reflections or manifestations of God's existence. To love a human being means to love a reflection of God. Moreover, in Sufi literature, the beloved for whom the lover longs represents the Creator. For this reason, it is impossible to distinguish between divine and earthly love in Sufi literature.

In Turkish tradition, a handkerchief is a symbolic element that indicates mutual affection between two people. Waving the handkerchief, bringing it to the nose, or dropping it carries meaning. The handkerchief carries the scent of the beloved. Lovers used to use the handkerchief as a means of communication. Mabel Matizâ€™s mention of the handkerchief alludes to earthly love. However, turning the handkerchief red with tears is related to divine love. When the longing for the beloved reaches its peak, the lover weeps deeply. As a result, tears of blood flow from their eyes. When these tears cover the eyes, the material world disappears. In this way, the lover reaches unity â€” the oneness of existence. Furthermore, Mabel Matiz is burning with love, and only the beloved can extinguish this fire. In both Turkish culture and Sufism, love â€” whether earthly or divine â€” is depicted as fire.

Mabel Matiz has a sorrow. In the material world, sorrow refers to feelings related to lifeâ€™s troubles, such as sadness, grief, or anxiety. However, in the Sufi sense, it represents the lover's awareness of being separated from the beloved, whom they regard as their essence. Referring to the passing of numbered days is an allusion to life itself. Mabel Matiz is waiting to reunite with the beloved through death.

The saying, ""Out of sight, out of mind,"" is a Turkish proverb. When someone does not see what they long for, it becomes easier to endure the separation. However, by saying ""let us see each other again,"" Mabel Matiz wishes to put an end to this longing and reunite with the beloved. The word ""again"" here carries a meaning symbolizing the Islamic concept of ""coming from God and returning to God."" (Al-Baqara 156)

In classical literature, the hyacinth (sÃ¼mbÃ¼l) is associated with the belovedâ€™s hair, while in Sufi terms, it symbolizes multiplicity. The nightingale (bÃ¼lbÃ¼l) is generally interpreted as the lover, but in Sufism, it represents the person who has fallen in love with the divine. The rose (gÃ¼l) symbolizes both the earthly beloved and the divine beloved, and at the same time, it represents the concept of unity.",2025-04-08 02:14:05,False,True,False,False,False,True,0,11
1jtvx9f,turkish,"One of my friends said that he was sick, I want to say whatâ€™s wrong with you, can I say â€œseninde nedirâ€?",,2025-04-07 23:48:54,False,False,False,False,False,False,17,11
1jtm27z,turkish,Crossword Vocabulary Puzzles for Turkish Learners,You can view and solve several of the puzzles online at [www.easyturkishgrammar.com](http://www.easyturkishgrammar.com),2025-04-07 17:05:52,False,True,False,False,False,True,0,10
1jtwl9r,turkish,Aprende Turco en EspaÃ±olâ¤ï¸â€ğŸ”¥ğŸ«¶ğŸ¼ğŸ§¿ğŸ’•,,2025-04-08 00:16:24,False,False,False,False,False,False,0,2
1jtnef3,turkish,"Learn the difference between â€œburada/burasÄ±,â€ â€œÅŸurada/ÅŸurasÄ±,â€ and â€œorada/orasÄ±â€",,2025-04-07 18:02:29,False,False,False,False,False,False,0,5
1jtchuw,turkish,To what degree has Farsi had an effect on modern day Turkish?,"I've always thought of it being similar to Arabic's effect on Urdu, with some loan words (and the script until the 1920s).",2025-04-07 06:59:11,False,False,False,False,False,False,55,11
1jtg3db,turkish,Travelling to Turkey soon and wish to learn the language.,"I'm visiting Turkey soon and i want to learn a little bit of Turkish that would be useful for me during my trip. Like the basic and important things. Dm me!

Thanks for your help.

YakÄ±nda TÃ¼rkiye'yi ziyaret edeceÄŸim ve seyahatim sÄ±rasÄ±nda bana faydalÄ± olacak biraz TÃ¼rkÃ§e Ã¶ÄŸrenmek istiyorum. Temel ve Ã¶nemli ÅŸeyler gibi. Bana DM at!

YardÄ±mÄ±nÄ±z iÃ§in teÅŸekkÃ¼rler.",2025-04-07 11:05:56,False,False,False,False,False,False,0,2
1jsq4pj,turkish,pembegÃ¶t nedemek,"eng:
obv pembegot translates to pinkass, but thatâ€™s not really what it means. Curious if someone could explain it better to me",2025-04-06 12:15:55,False,True,False,False,True,False,27,51
1jsvxwu,turkish,Which show is better ?,"Hello ğŸ‘‹,  I am looking to find which turkish series should I watch if I wanna watch romantic , comedy and light series . 

I have already watched 
-ask laftan analamz
-her yerde sen
-sol yanim
-dolunay 
-kiralik ask
-duy beni
-Bay yanilis 
-ruhun dayamz
-siyah beh ask

So can you give me other suggestions ?",2025-04-06 17:54:45,False,True,False,False,False,True,25,14
1jsrpza,turkish,Can someone please check my Turkish translation of this English short story?,"I tried to translate this short story from English to Turkish. Anyone kind enough to please check how accurate I made it to be? 

English: [https://drive.google.com/file/d/1lBS-xH4OYTcPrq0d0ccqrg3bAUXByBSK/view?usp=drivesdk](https://drive.google.com/file/d/1lBS-xH4OYTcPrq0d0ccqrg3bAUXByBSK/view?usp=drivesdk)

Turkish: [https://drive.google.com/file/d/1Fua5v1LRGzFc\_2ZpLirg3pzBgH5Z6vKr/view?usp=drivesdk](https://drive.google.com/file/d/1Fua5v1LRGzFc_2ZpLirg3pzBgH5Z6vKr/view?usp=drivesdk)",2025-04-06 14:10:05,False,False,False,False,False,False,9,6
1jsc536,turkish,Takside vs taksinde,"Can someone help, I'm learning how to speak Turkish. Can someone please explain why it is takside and not taksinde? Currently learning de te vs da ta and nda nde. If you follow the rules for nda and nde when a word ends in si you add the nde but not with the word taksi? Please help me understand. ",2025-04-05 22:58:29,False,False,False,False,False,False,15,4
1jrvqgm,turkish,"How can I get the meaning of ""as if that wasnâ€™t bad enough, you even went and..""?","# I've got this sentence:

# ""did you have to go and die...""

* This is a **rhetorical question** in the **past tense**.
* â€œDid you have to...â€ implies **annoyance** or **complaint** about something that happened.
* â€œGo and dieâ€ is a common way to exaggerate or dramatize an action someone did:
   * E.g. â€œDid you have to go and break it?â€
   * It adds a tone of *â€œas if that wasnâ€™t bad enough, you even went and...â€*

  
How could I express this in Turkish and which mood or tense would you recommend? 

  
",2025-04-05 07:51:57,False,True,False,False,False,True,7,12
1jrvmuw,turkish,BeleÅŸ?,"How do you use and translate the word beleÅŸ? Does it mean something like ""bol"" or ""Ã§ok""?  
""BoÅŸ beleÅŸ vakit geÃ§ti"" (a lot of time went to waste)  
""BoÅŸ beleÅŸ nakit harcadÄ±m ya"" (man, i wasted a lot of cash)



",2025-04-05 07:45:38,False,False,False,False,False,False,10,8
1jrkejl,turkish,need help translating,"what is the older man saying to the younger guy in this video clip? i think its turkish or turk origin language and im curious, what is he saying? the clip is from the georgian movie ""pig"" (2019).",2025-04-04 22:28:42,False,False,False,False,False,False,13,15
1jr33c2,turkish,bu TÃ¼rkÃ§e mi?,"I'm a Turkish intermediate learner, and I listen to music to improve comprehension. Came across KÃ¢zÄ±m'Ä±n ÅŸarkÄ±sÄ± KoÃ§ari and my brain stopped working; bu dil nedir Ã§Ã¼nkÃ¼ anlamÄ±yorum",2025-04-04 07:08:32,False,True,False,False,False,True,117,201
1jrj1gf,turkish,What are the turkish names of these animal species ?,"I need to know these because i'm translating something into turkish.

-Campo Flicker

-Golden Snub-Nosed Monkey

-Axis Deer

Also please don't give the names that show up through machine translated wikipedia pages",2025-04-04 21:30:58,False,True,False,False,True,True,5,2
1jqw0np,turkish,I'm building a free newsletter where you can learn Turkish through daily news,You can find it at [noospeak.com](http://noospeak.com) !,2025-04-04 01:18:23,False,False,False,False,False,False,2,70
1jrexxm,turkish,KÄ±smet kapatmak,"What does it mean if someone says ""Niye kÄ±smetimi kapattÄ±n""?",2025-04-04 18:39:46,False,False,False,False,False,False,3,2
1jqthzi,turkish,Frienship,"Hello, Iâ€™m Kadir, 23M and live in Turkey. Iâ€™m a native Turkish speaker and i have been studying English for a while and i want to practice it. We can help each other",2025-04-03 23:36:30,False,False,False,False,False,False,4,7
1jqd72d,turkish,Dil deÄŸiÅŸim ortaÄŸÄ± ğŸ‡¹ğŸ‡·ğŸ‡µğŸ‡±,"Merhaba, PolonyalÄ±yÄ±m ve Polonya'da yaÅŸÄ±yorum. TÃ¼rkÃ§e kursta Ã¶ÄŸreniyorum (A2.2) ama daha fazla konuÅŸmak istiyorum. LehÃ§e, Ä°ngilizce ve Ä°spanyolca bilmiyorum ve Ã¶ÄŸrenmenize yardÄ±mcÄ± olabilirim :) 

Ben yirmi beÅŸ yaÅŸÄ±ndayÄ±m, tarihi ve kÃ¼ltÃ¼rÃ¼ seviyorum. Yemek yapmayÄ± da severim :) TanÄ±ÅŸtÄ±ÄŸÄ±mÄ±za memnun oldum :) ",2025-04-03 11:38:20,False,True,False,False,False,True,11,62
1jqwg78,turkish,Offering Turkish practice for english,"Hey guys, Iâ€™m a native speaker Turkish guy. I can help you guys practice speaking Turkish in exchange of english practice. Is anyone interested?",2025-04-04 01:37:12,False,False,False,False,False,False,1,2
1jpzseg,turkish,How well can Turkish people understand this song in Salar (The most eastern Oghuz language),,2025-04-03 00:03:40,False,False,False,False,False,False,41,102
1jq248z,turkish,"What does ""Lan"" mean?","I've heard most of my turkish friends use it, i don't get what it means and I can't find any proper answers on Google.",2025-04-03 01:40:57,False,False,False,False,False,False,59,66
1jpps2m,turkish,Looking for someone to help me learn Turkish!,"I recently just got accepted into an abroad program where Iâ€™ll be going to study in Turkey for my final year of high school. Although I do enjoy learning more about languages, I know virtually nothing about Turkish. If thereâ€™s anyone that would be willing to maybe just call once a week and help me with Turkish that would be wonderful, or If anyone maybe just wants to play video games with me and help me practice the little bits Iâ€™ll be learning throughout the coming months that would be awesome. I am also open to helping anyone with English too! ",2025-04-02 17:21:17,False,True,False,False,False,True,9,5
11jyxm5,turkish,Turkish learners be like,,2023-03-06 16:27:15,False,False,False,False,False,False,66,2563
1d1z26j,turkish,A very dangerous language this is.,,2024-05-27 21:59:15,False,False,False,False,False,False,113,2178
uhmgk6,turkish,(â€¢â€¿â€¢),,2022-05-03 21:25:00,False,False,False,False,False,False,81,1647
162kktq,turkish,Bruh moment,,2023-08-27 11:18:16,False,False,False,False,False,False,90,1511
u7b9wm,turkish,Virgin sexist english vs Chad turkish,,2022-04-19 20:59:23,False,False,False,False,False,False,90,1478
1beckyf,turkish,"Meet AydÄ±n KÃ¶ksal, inventor to more than 2,500 Turkish words ",,2024-03-14 07:20:05,False,False,False,False,False,False,114,1449
uj930w,turkish,Eating human = yamyam,,2022-05-06 01:30:40,False,True,False,False,True,False,36,1411
1e3155a,turkish,Found in a turkish cafe,What does it say? ,2024-07-14 15:30:09,False,False,False,False,False,False,35,1315
u87mlm,turkish,Katie - Kevser,,2022-04-21 00:56:57,False,False,False,False,False,False,82,1178
tnkq72,turkish,Benim is used when you want to emphasise it,,2022-03-25 15:21:56,False,False,False,False,False,False,47,1168
1dvdhb0,turkish,Beauty of the Turkish language.,,2024-07-04 21:15:07,False,False,False,False,False,False,100,1146
1f01hiz,turkish,I think memes are allowed here. ,,2024-08-24 12:41:01,False,False,False,False,False,False,33,1091
165nqe2,turkish,Me do not understand,,2023-08-30 22:11:18,False,False,False,False,False,False,75,1084
tk13x2,turkish,If you know you know,,2022-03-22 14:46:53,False,False,False,False,False,False,160,1003
pwr7p2,turkish,"Soo....a turkey, in turkish, is a hindi.",,2021-09-28 00:35:39,False,False,False,False,False,False,51,922
toui92,turkish,â€œOâ€ is too useful,,2022-03-26 18:59:36,False,False,False,False,False,False,60,884
u5lwfh,turkish,ALWAYS,,2022-04-17 15:18:46,False,False,False,False,False,False,31,879
111gr7v,turkish,Lol,,2023-02-13 21:52:26,False,False,False,False,False,False,53,821
tmf2kw,turkish,this is not bagel dont say bagel ok?,,2022-03-24 17:50:43,False,False,False,False,False,False,160,822
xhdloj,turkish,based,,2022-09-18 13:55:09,False,False,False,False,False,False,20,819
tgzwzx,turkish,Motivational,,2022-03-18 15:12:43,False,False,False,False,False,False,62,793
tbl205,turkish,When you notice no one says â€œgideceÄŸimâ€,,2022-03-11 10:53:00,False,False,False,False,False,False,100,776
u9azg5,turkish,MuvaffakiyetsizleÅŸtiricileÅŸtiriveremeyebileceklerimizdenmiÅŸsinizcesine,,2022-04-22 12:58:00,False,False,False,False,False,False,44,757
uazaus,turkish,Just put the verb at the end kanka,,2022-04-24 20:09:01,False,False,False,False,False,False,34,733
1csufcx,turkish,importance of possessive suffixes and person suffixes,,2024-05-15 23:07:55,False,False,False,False,False,False,17,736
sfosnv,turkish,Can Simone translate what he's singing? It's really short.,,2022-01-29 21:51:40,False,False,False,False,False,False,63,718
1em6sj7,turkish,Aye what happened?,,2024-08-07 11:46:16,False,False,False,False,False,False,10,713
x1g1kb,turkish,Iâ€™m half Turkish but I just knew one meaning of the word â€œÃ§Ä±kmakâ€ tf is this,,2022-08-30 13:59:35,False,False,False,False,False,False,82,663
1g84l4g,turkish,Ne demek Abim ,"Hello, I ordered some food from a Turkish restaurant. It was a large order, so I asked them to send me a receipt of everything I ordered. They said they would text it to me.

They sent it a little while later and I wrote back â€œThank you, brother,â€ because the man I spoke to over the phone called me brother and he seemed like a nice guy, and he was the one who told me he would text me the picture.

He then wrote back â€œNe demek Abim.â€ I donâ€™t speak, and am not Turkish, so I thought maybe this means â€œYouâ€™re welcomeâ€ but I googled it and the google translation is â€œWhat do you mean, brother?â€

Heâ€™s asking me what I mean by Thank you? Iâ€™m confused. ",2024-10-20 20:52:29,False,True,False,False,False,True,41,662
u5th38,turkish,Yani Ã¶ÄŸrenirsin amaâ€¦,,2022-04-17 21:49:22,False,True,False,False,True,False,95,660
12jn1k7,turkish,Turkish version of this proverb,,2023-04-12 16:56:00,False,False,False,False,False,False,40,659
1bvfhi1,turkish,TÃ¼rkÃ§e sÄ±kÄ±ntÄ±lÄ± dil,,2024-04-04 08:37:41,False,False,False,False,False,False,37,652
tks36p,turkish,Theyâ€™re the same picture.,,2022-03-23 14:47:50,False,True,False,False,True,False,65,638
wipau3,turkish,Hey you all! I wonder how many of you both natives and learners will understand the Gagauz Language that's very close to Turkish language. Let me know!,,2022-08-07 23:31:01,False,False,False,False,False,False,96,617
1gue5v6,turkish,Any Turks here willing to learn (Brazilian) Portuguese?,"Selam, iyi gÃ¼nler!

Hey guys, I am looking for native speakers of Turkish to chat with/to speak to and consequently improving my Turkish... but I'm not willing to pay for lessons on iTalki or buying lessons of any kind (at least not yet). So if (Brazilian) Portuguese is a language you are trying to learn (or wants to start learning) you and I could do this cultural/linguistic exchange, what d'you say?

As we say in Brazil, ""one hand washes the another, and both wash the face"" (uma mÃ£o lava a outra, e as duas lavam o rosto). ğŸ˜‰",2024-11-18 23:08:25,False,True,False,False,False,True,158,611
x7abfh,turkish,Learning Turkish because of AtatÃ¼rk?,"Herkese Merhaba!

I'm really interested in learning Turkish as it's an agglutinative language similar to Japanese and Tagalog, which are the languages I already know.

But unlike most learners who are in it for the culture, entertainment, work and all other typical tropes in learning a language, I have a different reason in mind.

I'm learning Turkish because of AtatÃ¼rk. I mean the guy's a great general and statesman who fought major Imperial powers, implemented progressive reforms, and even made peace with the Greeks (with then-Greek PM Venizelos nominating him for the Nobel Peace Prize). He rebuild the country from the crumbling Ottoman Empire to the modern secular Republic of Turkey (TÃ¼rkiye) that we know today, and who wouldn't admire such a guy?

Would it look odd for a Turkish person that I'm learning a language because of AtatÃ¼rk? What response would I get? It's almost similar if one wants to learn Hindi because of Gandhi or American English because of Martin Luther King Jr.

TeÅŸekkÃ¼r ederim!

P.S. hope this won't reach r/languagelearningjerk",2022-09-06 16:12:55,False,True,False,False,False,True,71,596
vx8yul,turkish,Countries ending with -Stan in English and Turkish,,2022-07-12 14:29:39,False,False,False,False,False,False,76,574
rtxhpl,turkish,"Bias in AI: when you translate this from English to Turkish, a gender-neutral language, then that same Turkish phrase back to English",,2022-01-02 04:00:34,False,True,False,False,True,False,45,562
uztcbs,turkish,"HÄ±rvatÃ§ada ""merhaba""",,2022-05-28 21:35:08,False,False,False,False,False,False,84,562
w0d4vf,turkish,TÃ¼rk filmleri izlediÄŸimde...,,2022-07-16 12:59:56,False,False,False,False,False,False,35,561
uwa5hm,turkish,Okuma kitabÄ±,,2022-05-23 23:55:21,False,False,False,False,False,False,39,562
ubjsgw,turkish,O o deÄŸil yalnÄ±z.,,2022-04-25 15:16:51,False,False,False,False,False,False,32,557
1bfe4kw,turkish,YarÄ±ÅŸmacÄ±larÄ±n hepsi sanki TRT spikeri. ,1992 yÄ±lÄ±ndan bir program. ,2024-03-15 16:36:28,False,True,False,False,False,True,31,543
us89y8,turkish,Stop writing herkez.,,2022-05-18 11:38:32,False,False,False,False,False,False,53,543
tr0baf,turkish,Dilimizdeki en ilginÃ§ ÅŸeylerden biri,,2022-03-29 16:55:53,False,False,False,False,False,False,24,531
pf3gmo,turkish,Turkey,,2021-08-31 13:54:45,False,False,False,False,False,False,33,530
16rh1j2,turkish,Is this Turkish writing?,Can anyone translate this or point me in a better direction?,2023-09-25 06:17:39,False,False,False,False,False,False,62,511
tcr4cz,turkish,Casually draws 25 cards,,2022-03-13 00:19:01,False,False,False,False,False,False,71,512
r28gs3,turkish,"hi, could someone translate this",,2021-11-26 01:43:02,False,False,False,False,False,False,82,506
sq9f2m,turkish,TÃ¼rkÃ§em NasÄ±l benim knk ?,,2022-02-11 23:58:18,False,False,False,False,False,False,23,496
1jxveqr,TurkeyJerky,erken seÃ§im olmazsa sonraki seÃ§im:,,2025-04-13 03:25:40,False,False,False,False,False,False,26,573
1jy2q05,TurkeyJerky,ZzZXxzz,,2025-04-13 11:05:33,False,False,False,False,False,False,1,55
1jxtc1d,TurkeyJerky,Bu ÅŸaheseri herkes izlemeli,,2025-04-13 01:38:01,False,False,False,False,False,False,5,289
1jxr6uj,TurkeyJerky,Bu sizce gerÃ§ek mi?,,2025-04-12 23:55:53,False,False,False,False,False,False,41,300
1jxaxld,TurkeyJerky,MuhafÄ±z destesini de boykot ediyoruz,,2025-04-12 09:24:33,False,False,False,False,False,False,18,839
1jxjacl,TurkeyJerky,erdoganomics speak once again,,2025-04-12 18:03:02,False,False,False,False,False,False,5,162
1jxfgmq,TurkeyJerky,ğŸ§â€â™€ï¸ niye gercek degilsin,,2025-04-12 14:47:17,False,False,False,False,False,False,3,197
1jx2t55,TurkeyJerky,abi peki baÅŸkanÄ±n barikat yÄ±kmadaki baÅŸarÄ±sÄ±..,,2025-04-12 01:44:35,False,False,False,False,False,False,57,572
1jwrj6b,TurkeyJerky,Zaptiyemiz Åerefin SembolÃ¼dÃ¼r,GÃ¶rsel sahibi: @binaenaleyh.tr,2025-04-11 17:41:33,False,False,False,False,False,False,6,531
1jw7z05,TurkeyJerky,maden suyu ğŸ¤¡,,2025-04-10 23:30:29,False,False,False,False,False,False,26,1314
1jw4uta,TurkeyJerky,Ä°mamoÄŸlu'nun hapisten kaÃ§mak iÃ§in inÅŸa ettiÄŸi Silivri metrosu ortaya Ã§Ä±ktÄ±,,2025-04-10 21:21:19,False,True,False,False,True,False,23,1458
1jw2wra,TurkeyJerky,Yapmak zorundaydÄ±m.,,2025-04-10 20:01:57,False,False,False,False,False,False,56,1510
1jw1fmd,TurkeyJerky,"eko terÃ¶rÃ¶, Ã¶zdaÄŸ terÃ¶rÃ¶, selo terÃ¶rÃ¶!",,2025-04-10 19:00:06,False,False,False,False,False,False,25,1068
1jw3tnj,TurkeyJerky,MÃ¼cadele,,2025-04-10 20:39:19,False,False,False,False,False,False,12,546
1jw19sf,TurkeyJerky,Bomba gibi bir fikir,,2025-04-10 18:53:03,False,False,False,False,False,False,33,619
1jw56ot,TurkeyJerky,CHP'nin yeni genel baÅŸkanÄ± belli oldu.,,2025-04-10 21:35:00,False,False,False,False,False,False,33,224
1jvksug,TurkeyJerky,Elinizde buna benzer trumpÄ±n erdoÄŸanÄ± kÃ¶lesi yaptÄ±ÄŸÄ± gÃ¶rsel var mÄ±?,,2025-04-10 03:10:40,False,False,False,False,False,False,35,1045
1jvg4ci,TurkeyJerky,ZEHRA KINIK YINE KAZA YAPMIS?,saka gibi gercekten bizim agzimizi acsak tutuklandigimiz ve bu kisinin katilligiyle dolanip ustune bi daha kaza yapmasi... bazen keske akpli olsaydim diyorum kafam bos oldugundan mutlu olurdum yetti amk,2025-04-09 23:37:13,False,True,False,False,False,True,33,769
1jv7ovx,TurkeyJerky,Son yÄ±llardaki en baÅŸarÄ±lÄ± milletvekili,,2025-04-09 17:52:20,False,False,False,False,False,False,31,2023
1jv9ixj,TurkeyJerky,A shining Example of Ciasal Ä°slam,,2025-04-09 19:07:45,False,True,False,False,True,False,10,672
1jv9o03,TurkeyJerky,:),,2025-04-09 19:13:38,False,False,False,False,False,False,12,553
1juzwby,TurkeyJerky,GerÃ§ek kurt,,2025-04-09 10:17:02,False,False,False,False,False,False,19,1889
1jv7o9t,TurkeyJerky,ğŸ™ƒ,,2025-04-09 17:51:35,False,False,False,False,False,False,31,399
1juelid,TurkeyJerky,Efsaneyi hatÄ±rlayalÄ±m,,2025-04-08 17:14:59,False,False,False,False,False,False,9,711
1jubhrv,TurkeyJerky,BaÅŸlÄ±k,,2025-04-08 14:43:07,False,False,False,False,False,False,29,1059
1jujwcn,TurkeyJerky,nolursikaetetmein,,2025-04-08 20:53:25,False,False,False,False,False,False,14,315
1jtu79n,TurkeyJerky,Yoksa ErdoÄŸan...,,2025-04-07 22:38:30,False,False,False,False,False,False,91,1346
1jtulsj,TurkeyJerky,Onda da ne kadar baÅŸarÄ±lÄ± olduklarÄ± tartÄ±ÅŸÄ±lÄ±r,,2025-04-07 22:54:52,False,False,False,False,False,False,20,705
1jtjtp5,TurkeyJerky,Silivri is cold,,2025-04-07 15:17:18,False,False,False,False,False,False,34,2844
1jtnrzv,TurkeyJerky,Bu dÃ¶nÃ¼ÅŸÃ¼m bana birini anÄ±msatÄ±yor,,2025-04-07 18:18:05,False,False,False,False,False,False,23,578
1jtfr7i,TurkeyJerky,ArkadaÅŸa KÄ±yak Partisi iktidarÄ± Ãœlker'e 511 milyon lira verdi,https://halktv.com.tr/gundem/devlet-kasasindan-ulkere-511-milyar-lira-927633h,2025-04-07 10:40:12,False,False,False,False,False,False,36,1104
1jt5qd4,TurkeyJerky,Kitap tavsiyesi,,2025-04-07 01:01:49,False,False,False,False,False,False,7,452
1jssuis,TurkeyJerky,Turkish Pikachu ABD protestolarÄ±na ilham oldu,,2025-04-06 15:20:06,False,True,False,False,True,False,31,2596
1jsp2yt,TurkeyJerky,ABDâ€™de sarÄ± pipi karÅŸÄ±tÄ± dev protestolar baÅŸladÄ±,,2025-04-06 10:59:13,False,False,False,False,False,False,48,1157
1jss29y,TurkeyJerky,Faho edit,,2025-04-06 14:32:30,False,False,False,False,False,False,17,279
1jsv3zf,TurkeyJerky,TURKIYE RAAAAH ğŸ’ªğŸ’ª,,2025-04-06 17:16:40,False,False,False,False,False,False,1,123
1js2p82,TurkeyJerky,Evren sanÄ±rÄ±m bana bir mesaj vermek istedi,,2025-04-05 15:49:17,False,False,False,False,False,False,8,510
1jsoy0h,TurkeyJerky,Benim memleketimin pikachusu bile bir baÅŸka koÅŸuyor,,2025-04-06 10:49:13,False,False,False,False,False,False,0,8
1jryoig,TurkeyJerky,TÃ¼rkiyeye reset atma peÅŸinde(kÃ¶tÃ¼ anlamda),,2025-04-05 11:15:02,False,True,False,False,True,False,30,686
1js0s1p,TurkeyJerky,Kitabimi salin artik,,2025-04-05 13:50:59,False,False,False,False,False,False,5,320
1jrkym0,TurkeyJerky,bi teorim var,,2025-04-04 22:52:26,False,False,False,False,False,False,47,1604
1jrne1n,TurkeyJerky,YayalÄ±m arkadaÅŸlar,,2025-04-05 00:36:01,False,False,False,False,False,False,30,986
1jrhcnq,TurkeyJerky,"""Kudurmaya devam, Bahceli yasiyor hala"" o sirada Bahcelinin mezar ziyaretinde gordukleri:",,2025-04-04 20:19:57,False,True,False,False,True,False,14,900
1jr7zhg,TurkeyJerky,aga yok mu ya eylem falan kuruduk allahÄ±ma,,2025-04-04 12:42:36,False,False,False,False,False,False,50,3207
1jrcdea,TurkeyJerky,BahÃ§eli geri dÃ¶nmÃ¼ÅŸ yaÅŸÄ±yor oe amk,,2025-04-04 16:50:53,False,True,False,False,True,False,69,1440
1jrcmza,TurkeyJerky,"Bahceli, bahceli gÃ¼nlÃ¼k rutin",,2025-04-04 17:02:43,False,False,False,False,False,False,7,670
1jr8fjw,TurkeyJerky,herkesin sÄ±rasÄ± gelecek,,2025-04-04 13:13:32,False,False,False,False,False,False,14,770
1jr90l9,TurkeyJerky,Ä°ÅŸte TÃ¼rkeÅŸ'in kabrini ziyaret eden bahÃ§eli,,2025-04-04 13:53:02,False,False,False,False,False,False,12,548
1jr8mz0,TurkeyJerky,GeÃ§en ODTÃœye helikopter getirdiler amk,,2025-04-04 13:27:51,False,True,False,False,True,False,19,468
1jrbnv1,TurkeyJerky,Devlet BahÃ§eli,,2025-04-04 16:18:16,False,False,False,False,False,False,7,176
i5w2uv,TurkeyJerky,buz dolabÄ± satÄ±ÅŸlarÄ± arttÄ± moruq,,2020-08-08 12:00:16,False,False,False,False,False,False,128,9087
k1wwxk,TurkeyJerky,Modest meme I made. Greetings from Poland.,,2020-11-27 10:48:19,False,False,False,False,False,False,129,7881
i0pje6,TurkeyJerky,KaraboÄŸas are our brethren tho,,2020-07-30 19:52:06,False,False,False,False,False,False,201,6740
g999x7,TurkeyJerky,Sen AbdÃ¼lhamit'i savundun but it's Ace Attorney,,2020-04-27 23:57:53,False,True,False,False,True,False,202,6609
h9houq,TurkeyJerky,Beyler... Korkuyorum,,2020-06-15 17:43:08,False,False,False,False,False,False,151,6497
iiuj55,TurkeyJerky,BÃ¼yÃ¼k Artikel SavaÅŸÄ±,,2020-08-29 18:42:48,False,False,False,False,False,False,159,6265
gq90z4,TurkeyJerky,dolar olmuÅŸ 1.7,,2020-05-25 13:58:15,False,False,False,False,False,False,129,6088
kjvd3i,TurkeyJerky,ğŸ¤¡ğŸŒ,,2020-12-25 10:44:42,False,False,False,False,False,False,69,6078
13gexvp,TurkeyJerky,Turkey in a nutshell,,2023-05-13 14:23:31,False,False,False,False,False,False,174,5751
joeqnd,TurkeyJerky,Amateurs,,2020-11-05 10:38:14,False,True,False,False,True,False,67,5683
hqekx7,TurkeyJerky,"YoÄŸurt is love, YoÄŸurt is life.",,2020-07-13 15:43:09,False,False,False,False,False,False,122,5349
gf3sfz,TurkeyJerky,Bruh Moment,,2020-05-07 13:04:39,False,False,False,False,False,False,113,5326
m8d5q8,TurkeyJerky,AtatÃ¼rk'Ã¼n az kiÅŸinin gÃ¶rdÃ¼ÄŸÃ¼ ender fotoÄŸraflarÄ±ndan,,2021-03-19 12:04:23,False,False,False,False,False,False,98,5309
j4vmtv,TurkeyJerky,Ã–,,2020-10-04 11:31:47,False,False,False,False,False,False,101,5302
l2j8ff,TurkeyJerky,Ne sen bunun farkÄ±ndasÄ±n....,,2021-01-22 11:11:26,False,False,False,False,False,False,84,5232
wznewg,TurkeyJerky,Turkey Slander,,2022-08-28 08:22:02,False,False,False,False,False,False,188,5181
jqsvfs,TurkeyJerky,Sonra da ÅŸaaaaaaaaaaaakkkkkk!!!!!!,,2020-11-09 09:53:16,False,False,False,False,False,False,64,5142
tw12ac,TurkeyJerky,BEN BÃ–YLEYÄ°M ARKADAÅ !!1!1,,2022-04-04 15:41:52,False,False,False,False,False,False,38,5125
hqvclj,TurkeyJerky,oh wait,,2020-07-14 08:03:42,False,False,False,False,False,False,54,5098
idtb09,TurkeyJerky,TR,,2020-08-21 12:02:03,False,False,False,False,False,False,35,4910
14cgr5e,TurkeyJerky,Oturma oraya da be adam beee,,2023-06-18 13:07:08,False,True,False,False,True,False,75,4905
i7oqd9,TurkeyJerky,Amerika bizi kÄ±skanÄ±yor yeÄŸenim,,2020-08-11 12:33:05,False,True,False,False,True,False,63,4880
iapamw,TurkeyJerky,Kawaii Milliye,,2020-08-16 12:08:34,False,False,False,False,False,False,123,4756
lwnc2g,TurkeyJerky,Millet o kadar alÄ±ÅŸÄ±k ki artÄ±k kimsenin umurunda bile deÄŸil.,,2021-03-03 09:39:11,False,False,False,False,False,False,103,4717
k7o73b,TurkeyJerky,What are you doing step sultan?,,2020-12-06 09:00:14,False,False,False,False,False,False,45,4665
hjd3dw,TurkeyJerky,Merhaba arkadaÅŸlar Ã¼lkeme hoÅŸgeldiniz.,,2020-07-01 19:02:08,False,False,False,False,False,False,93,4605
jibdef,TurkeyJerky,tÃ¼rkiye'de yaÅŸamak hiÃ§ de stresli deÄŸil.,,2020-10-26 12:16:21,False,True,False,False,True,False,37,4526
kdhmjb,TurkeyJerky,Galileo'yu niye aldÄ±nÄ±z gruba olm,,2020-12-15 11:02:17,False,False,False,False,False,False,84,4519
gxm7wc,TurkeyJerky,"Emine, Iâ€™m with the gang!",,2020-06-06 10:03:08,False,False,False,False,False,False,61,4446
gn7kg4,TurkeyJerky,;D,,2020-05-20 11:28:16,False,False,False,False,False,False,200,4426
j24iag,TurkeyJerky,Made this lame meme after visiting r/europe for the first time,,2020-09-29 20:57:21,False,True,False,False,True,False,107,4404
v5xsgq,TurkeyJerky,POV: Pakistani in Turkey,,2022-06-06 11:07:31,False,False,False,False,False,False,71,4380
j3sdzy,TurkeyJerky,The four horsemen of bakans,,2020-10-02 13:52:39,False,False,False,False,False,False,66,4381
imyo87,TurkeyJerky,tengrismi bilen varmÄ±dÄ±r acaba,,2020-09-05 13:06:47,False,False,False,False,False,False,136,4380
fds0bu,TurkeyJerky,Iki yÃ¼zlÃ¼lÃ¼k devam,,2020-03-05 10:54:58,False,True,False,False,True,False,97,4329
gj04ax,TurkeyJerky,GÃ¶nlÃ¼nÃ¼zÃ¼ geniÅŸ tutun dostlarÄ±m They Shall Not Pass!,,2020-05-13 17:30:20,False,False,False,False,False,False,132,4250
ov4cu9,TurkeyJerky,Åundan bir meme Ã§Ä±kartÄ±p bÃ¼tÃ¼n dÃ¼nyada popÃ¼ler yapmazsak adam deÄŸiliz.,,2021-07-31 12:45:40,False,True,False,False,True,False,106,4249
is3ivy,TurkeyJerky,"Oyunu bilmeyip de yine de oynamak isteyen, sinir bozan kuzen temsili",,2020-09-13 21:20:31,False,True,False,False,True,False,31,4229
fu9cay,TurkeyJerky,bababababa,,2020-04-03 17:26:52,False,False,False,False,False,False,48,4224
nifjjk,TurkeyJerky,Some republic problems.,,2021-05-22 13:17:49,False,False,False,False,False,False,77,4188
jp8znk,TurkeyJerky,!!!PLAN Ä°PTAL PLAN Ä°PTAL!! DEÅÄ°FRE OLDUK PLAN Ä°PTAL,,2020-11-06 20:10:56,False,False,False,False,False,False,183,4142
i7vrgt,TurkeyJerky,Perde KapanÄ±r,,2020-08-11 20:15:42,False,False,False,False,False,False,114,4139
kapr4z,TurkeyJerky,It do be like that,,2020-12-11 01:59:00,False,False,False,False,False,False,136,4123
maion0,TurkeyJerky,Turkey 2022,,2021-03-22 11:42:32,False,False,False,False,False,False,59,4064
m15gc3,TurkeyJerky,Espri ciddiye almayÄ±nÄ±z,,2021-03-09 15:32:38,False,False,False,False,False,False,85,4032
k06d81,TurkeyJerky,GurbetÃ§i moment,,2020-11-24 17:51:06,False,False,False,False,False,False,70,4028
ij8yaa,TurkeyJerky,30 AÄUSTOS ZAFER BAYRAMIMIZ KUTLU OLSUN,,2020-08-30 10:35:48,False,True,False,False,True,False,60,4007
lot7m1,TurkeyJerky,KNOW THE DIFFERENCE,,2021-02-21 12:04:46,False,False,False,False,False,False,162,3921
h7hdkn,TurkeyJerky,ETi Negro,,2020-06-12 12:14:56,False,False,False,False,False,False,80,3885
hrts8x,TurkeyJerky,15 tane muz,,2020-07-15 22:05:47,False,False,False,False,False,False,86,3892
